uc_seq,name,gugun,lat,lng,trav_nm,title,subtitle,addr1,homepage_u,trfc_info,usage_day,hldy_info,usage_time,usage_amou,middle_siz,main_img_n,main_img_t,itemcntnts,WKT
255,흰여울문화마을,영도구,35.07885,129.04402,흰여울문화마을,가파른 절벽 끝에 흰여울문화마을,흰여울길에서 만난 느림의 미학,부산광역시 영도구 흰여울길,http://www.ydculture.com/huinnyeoulculturetown/,"도시철도 1호선 남포역 6번 출구 → 7, 71, 508 버스 환승 → 영선동 백련사 하차버스 7,71,508 영선동 백련사 하차주차 절영해안산책로 입구 공영 주차장 (유료)",-,-,매일,무료,"장애인 주차장(절영해안산책로 공영주차장, 유료)",https://www.visitbusan.net/uploadImgs/files/cntnts/20191222164810529_ttiel,https://www.visitbusan.net/uploadImgs/files/cntnts/20191222164810529_thumbL,절영해안산책로 가파른 담벼락 위로 독특한 마을 풍경이 보인다. 해안가 절벽 끝에 바다를 따라 난 좁은 골목길 안쪽으로 작은 집들이 다닥다닥 붙어 있다. 피난민들의 애잔한 삶이 시작된 곳?,POINT (129.04402 35.07885)
256,깡깡이 예술마을,영도구,35.092648,129.03255,깡깡이 예술마을,역사가 살아 숨 쉬는 깡깡이예술마을,역사와 예술이 공존하는 곳,부산시 영도구 대평북로 36 깡깡이 안내센터,http://kangkangee.com,"도시철도 1호선 남포역 (6번출구) 도보 18분 마을버스 영도구2 대평동 하차 주차 봉래동, 남항시장 공영주차장 (유료)",-,매주 월요일 (투어 등 시설),"평일, 주말 10:00~17:00가급적 평일 낮 시간 제외, 주말 혹은 통합투어 프로그램 이용 요망",프로그램별 상이,휠체어 접근 가능,https://www.visitbusan.net/uploadImgs/files/cntnts/20191222171209005_ttiel,https://www.visitbusan.net/uploadImgs/files/cntnts/20191222171209005_thumbL,영도다리 건너 자갈치시장 맞은 편 물양장에 배들이 가득 들어차 있다. 세상에 못 고치는 배는 없다는 전설적인 수리조선의 메카 깡깡이 예술마을이 있는 곳이다. 깡깡이란 말은 수리 조선소?,POINT (129.03255 35.092648)
257,국립해양박물관,영도구,35.078728,129.08018,국립해양박물관,해양 문화의 꽃 국립해양박물관,"해양, 어디까지 알고 있니?",부산시 영도구 해양로301번길 45,https://www.mmk.or.kr/,"도시철도 1호선 남포역 6번 출구 → 186, 66번 버스 환승 → 국립해양박물관 하차부산시티투어버스 부산역(점보버스) → 국립해양박물관 하차주차 국립해양박물관 주차장 (유료)",-,매주 월요일,"국립해양박물관 -화 ~ 금 09:00~18:00(입장 17:30분까지) -토 09:00~21:00(5~8월) / 09:00~19:00(9월~4월) -일 09:00~19:00 -설날?추석 익일, 어린이날, 광복절 09:00~21:00 해양도서관 -화~토요일 10:00~17:00- 휴관일: 박?","관람료 무료(단, 4D영상관, 유료특별전시 제외)","물품보관소(1, 2층), 휠체어 무료대여, 점자 블록, 점자안내판, 안내견 동반출입, 엘리베이터, 장애인 주차장, 장애인 화장실, 4D영상관 내 휠체어석",https://www.visitbusan.net/uploadImgs/files/cntnts/20191222175627506_ttiel,https://www.visitbusan.net/uploadImgs/files/cntnts/20191222175627506_thumbL,"부산하면 바다, 바다하면 부산이라고들 하지만 우리는 대한민국 해양에 대해 얼마나 알고 있을까?세상의 모든 바다 이야기가 시작되는 국립해양박물관이 과거와 현재 그리고 미래의 바다로 ?",POINT (129.08018 35.078728)
258,태종대,영도구,35.052643,129.0878,태종대 유원지,영도 등대와 함께한 100년 태종대,"가족. 연인, 친구와 함께라면 더없이 좋은",부산광역시 영도구 전망로 24,https://www.bisco.or.kr/taejongdae/,"도시철도 1호선 부산역 7번 출구 →  66, 88, 101 버스 환승 → 태종대(태종대온천) 하차버스 8, 30, 66, 88, 101, 186 태종대(태종대온천) 하차주차 정문입구 주차장(버스전용), 제7주차장, 자유랜드 주차",-,-,하절기 3~10월(04:00~24:00) / 동절기 11~2월(05:00~24:00),무료 (다누비 열차 요금 별도),"장애인 주차장, 장애인 화장실, 안내견 동반 가능, 다누비열차 휠체어리프트 장착 차량 운행, 휠체어 무료대여(정문 관광안내센터)",https://www.visitbusan.net/uploadImgs/files/cntnts/20191222180829962_ttiel,https://www.visitbusan.net/uploadImgs/files/cntnts/20191222180829962_thumbL,초록으로 우거진 싱그러운 숲길을 거닐며 푸른 바다를 한눈에 바라볼 수 있는 곳. 오랜 세월 파도에 깎여 각양각색의 신비를 가지게 된 바위해안이 그 수려함을 자랑하는 곳. 부산 영도 남쪽 ?,POINT (129.0878 35.052643)
259,죽성성당,기장군,35.241013,129.24864,죽성성당,기장바다의 색다른 풍경 죽성성당,드라마 세트장의 놀라운 변화,부산광역시 기장군 기장읍 죽성리 134-7,-,버스 해운대온천사거리 정류장 급행 1003 버스 → 기장성당 하차 → 마을버스 6 환승 → 두호마을 하차마을버스 기장군청 정류장 마을버스 6 → 두호마을 하차주차 죽성성당 인근 주차장 (유료),-,-,상시,무료,휠체어 접근 가능,https://www.visitbusan.net/uploadImgs/files/cntnts/20191222181829937_ttiel,https://www.visitbusan.net/uploadImgs/files/cntnts/20191222181829937_thumbL,"동해바다의 에메랄드빛을 고스란히 담고 있는 기장 앞바다는 이제 많은 이들이 찾는 곳이 됐다. 날이 좋으면 좋은 대로, 날이 흐리면 흐린 대로 드라이브하기 더없이 좋은 코스에 경치 좋은 낭",POINT (129.24864 35.241013)
260,아홉산 숲,기장군,35.287334,129.17046,아홉산 숲,400년간 지켜온 자연 그대로의 숲을 만나다,"대나무의 집, 기장 아홉산 숲",부산광역시 기장군 철마면 미동길 37-1,http://ahopsan.com,도시철도 1호선 노포역 → 2-3 마을버스 환승 → 미동마을 하차주차 아홉산숲 주차장,-,-,"평일, 주말 09:00~17:00 (입장마감 16시 00분)","5,000원 (5세부터)",-,https://www.visitbusan.net/uploadImgs/files/cntnts/20191222185645736_ttiel,https://www.visitbusan.net/uploadImgs/files/cntnts/20191222185645736_thumbL,"일제강점기, 해방과 전쟁을 지나 산업화를 거치면서도 개방되지 않았던 자연 본연의 모습을 간직한 숲.400년 간 세상에 공개되지 않았던 이곳, 부산 기장군에 위치한 아홉산숲이 그 주인공이다",POINT (129.17046 35.287334)
261,해동용궁사,기장군,35.188583,129.22346,해동용궁사,기장에 가면 해동용궁사,"바다전망 성지, 해동용궁사를 가다",부산광역시 기장군 기장읍 용궁길 86,http://www.yongkungsa.or.kr,"도시철도 2호선 해운대역 7번 출구 → 181, 100, 해운대 9 버스 환승 → 해동용궁사 하차동해선 오시리아역 1번 출구 → 오시리아역 버스정류장 139 버스 환승 → 해동용궁사 하차부산시티투어버스",-,-,"매일, 04:00 ~ 20:30",-,장애인 화장실,https://www.visitbusan.net/uploadImgs/files/cntnts/20191222190823385_ttiel,https://www.visitbusan.net/uploadImgs/files/cntnts/20191222190823385_thumbL,시원하게 트인 기장 앞바다에서 밀려오는 파도소리를 들어본 적 있는지. 감탄이 절로 나오는 해안절경과 끝이 보이지 않는 망망대해가 바로 내 눈앞에 있다면 어떨까.바다와 파도와 바람과 그,POINT (129.22346 35.188583)
262,임랑해수욕장,기장군,35.31905,129.26451,임랑해수욕장,"나만 알고 싶은 해수욕장, 임랑해수욕장",하얀 백사장에 어우러진 은색 달빛,부산광역시 기장군 장안읍 임랑리,-,"동해선 좌천역 1번 출구 → 동해선좌천역 정류장 버스 37 승차 → 임랑삼거리 정류장 하차 도보 5분버스 37, 180, 188 임랑삼거리 하차마을버스 기장군9, 기장군3 임랑삼거리 하차",2023.07.01 ~ 08.31,-,09:00~18:00 (개장 중 입수가능 시간),무료,"휠체어 진입 가능, 장애인 주차장, 장애인 화장실",https://www.visitbusan.net/uploadImgs/files/cntnts/20191224093809621_ttiel,https://www.visitbusan.net/uploadImgs/files/cntnts/20191224093809621_thumbL,"여름하면 바다, 바다하면 부산이지만 아직까지 타지인들에게는 많이 알려지지 않은 해수욕장이 있다.부산 시민이 사랑하는, 기장군의 양대 해수욕장 중 하나인 임랑해수욕장이 그 주인공이다",POINT (129.26451 35.31905)
264,"문화공감 수정, 초량1941",동구,35.125793,129.04265,"문화공감 수정, 초량1941","오래된 이야기가 있는 곳, 문화공감수정 그리고 초량1941",근대목조 건물과 함께 하는 여유로운 초량 카페 투어,문화공감 수정 부산광역시 동구 홍곡로 75초량1941 부산광역시 동구 망양로 533-5,https://ntchmgsugung.modoo.at/,"문화공감 수정도시철도 1호선 부산진역 1번 출구 도보 7분버스 103 경남여중 하차 59, 67, 81, 167 고관입구 하차부산역에서 택시로 기본요금초량1941버스 22,  38,  52,  86, 186 금수사 하차부산역에서 ?",-,문화공감 수정 매주 월요일 초량1941 연중무휴,문화공감 수정 /화~일 10:00~17:00(입장 16:30까지) 초량1941 평일 11:00~19:00 / 주말 11:00~20:00,메뉴판 참조,-,https://www.visitbusan.net/uploadImgs/files/cntnts/20191224171115847_ttiel,https://www.visitbusan.net/uploadImgs/files/cntnts/20191224171115847_thumbL,"부산이 간직한 근현대 역사, 동구는 그 씨앗이 퍼져 이야기꽃을 피운 동네다. 그 이야기를 담고 있는 길을 따라가다 보면 ‘문화공감 수정’을 만날 수 있다.문화공감 수정은 본래 ‘정란각’?",POINT (129.04265 35.125793)
265,"부산바다의 과거와 현재, 일광해수욕장",기장군,35.259953,129.23373,일광해수욕장,"부산바다의 과거와 현재, 일광해수욕장",트렌디한 해양스포츠부터 옛 풍경까지,부산광역시 기장군 일광면 삼성3길 17,-,"동해선 일광역 1번 출구 도보 14분버스 188, 180, 1006 일광해수욕장 입구 하차마을버스 기장군2, 기장군8-1, 기장군9, 기장군3, 기장군8 일광해수욕장 입구 하차",2023.07.01. ~ 08.31.,-,09:00~18:00 (개장 중 입수가능 시간),무료,"점자블록, 장애인 주차장, 장애인 화장실",https://www.visitbusan.net/uploadImgs/files/cntnts/20191225143353231_ttiel,https://www.visitbusan.net/uploadImgs/files/cntnts/20191225143353231_thumbL,"부산시민이 사랑하는 바다, 일광해수욕장.역사적으로 기장 8경 중 하나로 꼽힐 만큼 아름다운 일광해수욕장은 과거에 해안선을 따라 노송 숲이 있었다고 전해지는데 고려시대부터 정몽주를 ?",POINT (129.23373 35.259953)
266,구 백제병원,동구,35.116383,129.03917,구 백제병원,구 백제병원,-,부산광역시 동구 중앙대로209번길 16,-,"도시철도 1호선 부산역 7번출구 도보 2분버스 103, 26, 27, 40, 41, 59, 81, 87, 1003, 1004 부산역 하차 도보 2분",-,연중무휴,10:00~22:00(1~2층만 개방),무료(카페이용 요금별도),-,https://www.visitbusan.net/uploadImgs/files/cntnts/20191225145805369_ttiel,https://www.visitbusan.net/uploadImgs/files/cntnts/20191225145805369_thumbL,부산원도심 이바구길 시작점에 서 있는 붉은 벽돌색 건물 하나. 부산최초의 근대식 종합병원이었던 구 백제병원이다. 1922년 개원하여 당시 최고의 병원으로 유명세를 탔으나 1932년 폐업 이후 ?,POINT (129.03917 35.116383)
267,백산기념관,중구,35.101955,129.03456,백산기념관,백산기념관,-,부산광역시 중구 백산길 11,http://www.bsjunggu.go.kr/tour/index.junggu?menuCd=DOM_000000208002001000&link=success&cpath=%2Ftour,"도시철도 1호선 중앙역 1번 출구 도보 3분버스 15, 81, 86, 126, 186 백산기념관 하차 도보 1분",-,"월요일, 공휴일(삼일절, 현충일, 광복절 제외)","화~금 10:00~18:00 토, 일 10:00~17:00",무료,-,https://www.visitbusan.net/uploadImgs/files/cntnts/20191225150331107_ttiel,https://www.visitbusan.net/uploadImgs/files/cntnts/20191225150331107_thumbL,백산 안희제 선생은 고향땅을 팔아 백산상회를 열고 그 수익금으로 독립운동 자금을 지원했다. 백산상회는 1919년 백산무역주식회사로 확대된 후 1928년 일제의 탄압으로 문을 닫기까지 국내독?,POINT (129.03456 35.101955)
268,한성1918 부산생활문화센터,중구,35.10178,129.03444,한성1918 부산생활문화센터,한성1918,-,부산광역시 중구 백산길 13,http://1918.bscf.or.kr/,"도시철도 1호선 중앙역 1번 출구 도보 3분버스 15, 86, 126, 186 백산기념관 하차 도보 1분",-,월요일 및 공휴일 휴관/일요일 탄력적운영,09:00 - 22:00,무료,-,https://www.visitbusan.net/uploadImgs/files/cntnts/20191225150936833_ttiel,https://www.visitbusan.net/uploadImgs/files/cntnts/20191225150936833_thumbL,중앙동 원도심 골목길을 걷다가 만나게 되는 한성1918은 한성은행 부산지점으로 1918년에 설립되어 40여 년간 은행업무를 보던 곳이었다. 근대 부산의 부흥기를 함께한 대표적인 금융권 건물이?,POINT (129.03444 35.10178)
269,조선통신사역사관,동구,35.135754,129.06203,조선통신사역사관,조선통신사역사관,-,부산광역시 동구 자성로99,http://www.tongsinsa.com/html/,"도시철도 1호선 범일역 2번 출구 도보 12분버스 26, 41, 139, 80, 42, 1003 자성대 하차 도보 2분     22, 23, 27, 40, 41, 63, 83, 101, 108, 134, 138 부산진시장 하차 도보 5분",-,"매주 월요일, 1월1일",09:00~18:00,무료,"점자블록(출입구), 휠체어 출입가능, 엘리베이터, 장애인전용화장실",https://www.visitbusan.net/uploadImgs/files/cntnts/20191225151358656_ttiel,https://www.visitbusan.net/uploadImgs/files/cntnts/20191225151358656_thumbL,조선통신사역사관은 한?일 양국의 평화를 위해 조선에서 일본으로 파견된 대규모 국가사절단인 조선통신사의 행적을 재미있게 알려주는 탐방 공간이다. 이와 더불어 매년 5월 광복로 일원에?,POINT (129.06203 35.135754)
270,부산해양자연사박물관,동래구,35.22178,129.07591,부산해양자연사박물관,부산해양자연사박물관,-,부산광역시 동래구 우장춘로 175,http://sea.busan.go.kr,도시철도 1호선 동래역 4번 출구 마을버스 1-1번 환승 해양자연사박물관 하차금강공원 공영주차장 이용(유료),-,"매주 월요일, 1월 1일",화~일 09:00~18:00(입장마감 17:00까지),무료,"시각장애인관, 점자블록, 휠체어 대여가능, 장애인 엘리베이터, 장애인 화장실, 장애인 주차장(금강공원 공영주차장, 유료)",https://www.visitbusan.net/uploadImgs/files/cntnts/20191225151830289_ttiel,https://www.visitbusan.net/uploadImgs/files/cntnts/20191225151830289_thumbL,"바닷속 신비함을 만날 수 있는 부산해양자연사박물관은 살아있는 해양의 보고다. 국제적으로 희귀한 자연사 자료 25,000여 점을 수집?전시하고 있다. 호기심 가득한 어린이들을 위한 최고의 체?",POINT (129.07591 35.22178)
271,부산근대역사관,중구,35.10266,129.03114,부산근대역사관,"부산의 근대사를 마주하다, 부산근대역사관",시간이 흘러도 여전히 가슴 아픈 역사,부산 중구 대청로 104,https://www.busan.go.kr/mmch/index,"도시철도 1호선 중앙역 5번 출구 도보 7분버스 40, 81 국제시장 부산근대역사관 하차버스 15, 86, 126, 186 국제시장 하차",-,"1월 1일, 매주 월요일",화~일 / 09:00-18:00(17:00이후 입장불가),무료,"휠체어 출입 가능, 장애인 화장실(3층), 엘리베이터, 안내견 동반 가능",https://www.visitbusan.net/uploadImgs/files/cntnts/20191225152803689_ttiel,https://www.visitbusan.net/uploadImgs/files/cntnts/20191225152803689_thumbL,대한민국의 아픈 역사 일제강점기. 일본의 대륙 침략을 위한 교두보였던 부산은 지금도 일본이 남긴 아픔의 흔적을 고스란히 간직하고 있다. 부산근대역사관은 파란만장했던 근대 부산의 역?,POINT (129.03114 35.10266)
272,보수동책방골목,중구,35.103367,129.02663,보수동책방골목,마음에 책갈피 하나를 꽂다 - 보수동책방골목,오래된 시간을 걷는 서점 골목여행,부산광역시 중구 책방골목길 16,http://www.bosubook.com/,"도시철도 1호선 자갈치역 3번 출구 도보 11분버스 40, 81 보수동책방골목 하차버스 103, 11, 113, 8, 96 부평시장 하차",매일(휴무일 제외),"정기휴일(첫째,셋째주 화요일,신정,구정,추석)",가게별 상이(20:00 전후 업무 종료),무료(도서구입 별도),휠체어 접근 가능(골목이 좁아 불편할 수 있음),https://www.visitbusan.net/uploadImgs/files/cntnts/20191225154726785_ttiel,https://www.visitbusan.net/uploadImgs/files/cntnts/20191225154726785_thumbL,"시간을 되돌아가는 길마음에 책갈피 하나를 꽂다, 보수동책방골목갈수록 바빠지는 삶. ‘빨리 빨리’를 좇다 보면 가끔은 모든 것을 내려놓고 잠시 쉬고 싶을 때가 있다. 그럴 때 가던 걸음을",POINT (129.02663 35.103367)
273,임시수도기념관,서구,35.103527,129.01735,임시수도기념관,대한민국 피란수도 부산을 만나다,한국전쟁이 남긴 흔적 임시수도기념관,부산광역시 서구 임시수도기념로 45,http://museum.busan.go.kr/monument/index,"도시철도 1호선 토성역 2번 출구 도보 6분버스 15, 40, 81 영락교회 하차마을버스 서구3, 서구3-1 부민이편한세상아파트 하차",-,"1월 1일, 매주 월요일",화~일 / 09:00~18:00,무료,"장애인 주차장, 장애인 화장실, 휠체어 무료 대여, 안내견 동반 가능, 휠체어 출입 가능(전시관)",https://www.visitbusan.net/uploadImgs/files/cntnts/20191225160342484_ttiel,https://www.visitbusan.net/uploadImgs/files/cntnts/20191225160342484_thumbL,"1950년 6월 25일, 민족 최대의 비극 한국전쟁이 일어난 직후 대통령을 비롯한 정부 기관들이 부산으로 옮겨졌고 부산은 임시수도가 되었다. 이때 경남 도지사 관사를 대통령 관저로 사용하게 된",POINT (129.01735 35.103527)
274,동아대석당박물관,서구,35.10497,129.01926,동아대학교 석당박물관,대한민국의 역사적 가치를 품은 동아대학교 석당박물관,부산 임시수도정부청사를 가다,부산광역시 서구 구덕로 225,http://museum.donga.ac.kr/,"도시철도 1호선 토성역 2번 출구 도보 10분버스  15,16, 40, 70, 81, 123, 126, 161, 190 동아대부민캠퍼스 하차주차 동아대학교 부민동캠퍼스 지하 주차장(유료)",-,"매주 월요일, 개교기념일, 법정공휴일",화~일/09:30 ~ 17:00 (입장 16:30),무료(주차요금 별도),"장애인 주차장, 장애인 화장실, 장애인전용 엘리베이터, 점자블록, 음성안내기, 휠체어 무료대여, 점자안내판(큰 활자 홍보물)",https://www.visitbusan.net/uploadImgs/files/cntnts/20191225160959194_ttiel,https://www.visitbusan.net/uploadImgs/files/cntnts/20191225160959194_thumbL,"등록문화재 41호, 부산 임시수도정부청사, 대한민국 3대 대학박물관. 하나의 건물을 일컫는 세 가지 이름, 동아대학교 석당박물관이 그 주인공이다.임시정부청사와 부산지방검찰청으로 사용된",POINT (129.01926 35.10497)
275,"국립일제강제동원역사관(한,영,중간,중번,일)",남구,35.124355,129.09192,국립일제강제동원역사관,아픈 역사에 위로를 국립일제강제동원역사관,함께 기억하고 널리 알리다,부산광역시 남구 홍곡로320번길 100,https://www.fomo.or.kr/museum/kor/Main.do,"도시철도 2호선 못골역 1번 출구 → 마을버스 남구9 환승 → 국립일제강제동원역사관 하차버스 134 석포초등학교 하차, 도보 10분마을버스 남구9 ? 유엔평화기념관?국립일제강제동원역사관 하차",-,"매주 월요일, 1월 1일, 명절 당일",화~일/09:30 ~ 17:30(17:00 이후 입장불가),무료,"장애인용 화장실, 장애인 주차장, 장애인전용 엘리베이터, 휠체어 리프트, 휠체어통행 가능, 휠체어 무료대여, 점자블록, 전시음성안내, 안내견 동반 가능",https://www.visitbusan.net/uploadImgs/files/cntnts/20191225162953256_ttiel,https://www.visitbusan.net/uploadImgs/files/cntnts/20191225162953256_thumbL,"중일전쟁 발발 후 국가총동원법을 제정한 일본은 조선인들을 강제 동원하여 노동착취 및 인권을 유린했다. 탄광 노무자, 군인, 여자근로정신대라는 이름으로 일본, 만주 등지로 끌려간 조선인",POINT (129.09192 35.124355)
276,부산박물관,남구,35.12957,129.09451,부산박물관,"부산의 역사, 대한민국의 역사",박물관이 알려주는 부산의 역사이야기,부산광역시 남구 유엔평화로 63,http://museum.busan.go.kr/busan,"도시철도 2호선 대연역 1번 출구 도보 12분버스 134, 51, 68, 138, 138-1, 1006 시립박물관?부산문화회관 하차부산시티투어버스 : 부산역(레드라인) → 부산박물관 하차주차 박물관 내 주차장(무료)",-,"매주 월요일, 1월 1일",09:00~18:00 (입장 17:00까지),무료,"장애인 주차장, 장애인 화장실, 장애인전용 엘리베이터, 자동안내 모바일앱(수화영상안내), 한국어 음성가이드기, 휠체어 무료 대여, 휠체어 접근 가능, 안내견 동반 가능",https://www.visitbusan.net/uploadImgs/files/cntnts/20191225163741459_ttiel,https://www.visitbusan.net/uploadImgs/files/cntnts/20191225163741459_thumbL,‘부산’이라는 이름의 박물관.그만큼 부산을 대표하는 박물관이자 대한민국의 역사를 담고 있는 곳이다.1978년 11월에 개관한 ‘부산박물관’은 부산시민의 휴식처이자 구석기 유물부터 고려,POINT (129.09451 35.12957)
277,"유엔기념공원, 유엔평화기념관",남구,35.1277,129.09775,"유엔기념공원, 유엔평화기념관",세계인이 기억하는 땅 유엔기념공원,"한국전쟁과 유엔군, 기억하고 기념하다",유엔기념공원 부산광역시 남구 유엔평화로 93 유엔평화기념관 부산광역시 남구 홍곡로320번길 106,http://unmck.or.kr (유엔기념공원) https://unpm.or.kr/un2022/ (유엔평화기념관),"유엔기념공원도시철도 2호선 대연역 3번 출구 도보 18분버스 134, 68, 138, 138-1, 1006 유엔공원?부산문화회관 하차부산시티투어버스 : 부산역(레드라인) → 유엔기념공원 하차유엔평화기념관버스 13",유엔기념공원 매일유엔평화기념관 화~일,"유엔기념공원 연중무휴유엔평화기념관 매주 월요일, 1월 1일, 설날?추석 당일",유엔기념공원 09:00~18:00(동절기 17:00 이후 입장불가)유엔평화기념관 10:00~18:00 (입장 17:30분까지),무료,"유엔기념공원장애인 주차장, 장애인 화장실, 휠체어 대여, 휠체어 접근 가능유엔평화기념관점자블록, 장애인전용 엘리베이터, 장애인 주차장, 장애인 화장실, 휠체어 무료 대여, 휠체어 접근 ?",https://www.visitbusan.net/uploadImgs/files/cntnts/20191225164342360_ttiel,https://www.visitbusan.net/uploadImgs/files/cntnts/20191225164342360_thumbL,"6월 호국보훈의 달이면 꽃들이 이곳으로 모여든다.그 꽃은 한국전쟁 전사자들을 기억하는 꽃이자, 전쟁 없는 평화를 염원하는 마음이다.처음에는 한국전쟁 참전 21개국 11,000위가 봉안되어 있?",POINT (129.09775 35.1277)
278,오륙도,남구,35.102177,129.12334,오륙도,오륙도가 전해주는 바다,"오륙도 해맞이 공원, 스카이워크, 유람선",부산광역시 남구 오륙도로 137,https://www.bsnamgu.go.kr/index.namgu?menuCd=DOM_000000601006001000&cpath=menuCd=DOM_000000601006001000&cpath=,"도시철도 2호선 경성대?부경대역 → 버스 24, 27, 131, 남구2 환승 → 오륙도 SK아파트 하차",-,-,-,무료,"장애인 주차장, 장애인 화장실, 휠체어 접근 가능",https://www.visitbusan.net/uploadImgs/files/cntnts/20191225164921130_ttiel,https://www.visitbusan.net/uploadImgs/files/cntnts/20191225164921130_thumbL,"동해와 남해가 만나는 에메랄드 빛 바다. 눈부시게 푸른 양탄자 위 5개의 섬, 때로는 6개의 섬.오륙도 앞바다는 방문객들의 마음을 설레게 하기에 부족함이 없다.부산에 속한 다양한 섬들 가운?",POINT (129.12334 35.102177)
279,신선대,남구,35.102272,129.10277,신선대,"신선대, 신선이 사랑한 풍경",과거와 현재를 잇는 시간,부산광역시 남구 신선대산복로 174,-,"도시철도 2호선 경성대?부경대 → 20, 22, 24, 27, 39, 131 버스환승 → 백운포고개 하차주차장 신선대 유원지 주차장(무료)",-,연중무휴,상시,무료,장애인주차장,https://www.visitbusan.net/uploadImgs/files/cntnts/20191225165635368_ttiel,https://www.visitbusan.net/uploadImgs/files/cntnts/20191225165635368_thumbL,"바위에 남은 신선의 발자국. 신선이 탄 백마의 발자취.하늘로 올라가던 신선이 쓰고 있던 탕건이 벗겨져 내려앉았다는 탕건바위까지. 전설마저 아름다운 이곳, 신선대이다.신선대 바닷가의 절",POINT (129.10277 35.102272)
280,"송정해수욕장, 죽도공원",해운대구,35.1786,129.19966,"송정해수욕장, 죽도공원","자연 그대로를 간직하다, 송정해수욕장",고요하되 강한 바다,부산광역시 해운대구 송정해변로 62,http://www.haeundae.go.kr/tour/index.do?menuCd=DOM_000000302002001000,"도시철도 2호선 해운대역 하차 → 해운대 정류장 139, 182, 200, 38, 39, 40, 63, 1001, 1003, 1011 버스 환승 → 송정해수욕장 입구 하차 도보 12분동해선 송정역 하차 도보 17분버스 100, 100-1, 139, 141, 181, 182,",2023.06.01 ~ 08.31,연중무휴,상시,무료,"장애인 화장실, 장애인 주차구역, 휠체어접근 가능, 점자블록(화장실 입구 앞)",https://www.visitbusan.net/uploadImgs/files/cntnts/20230630185239164_ttiel,https://www.visitbusan.net/uploadImgs/files/cntnts/20230630185239164_thumbL,"해운대를 지나 달맞이길 따라 돌아 내려오면 넓고 길게 펼쳐진 백사장이 보인다. 그곳이 바로 서퍼들이 사랑하는 바다, 송정해수욕장이다.해운대, 광안리와 더불어 부산 동부의 3대 해수욕장?",POINT (129.19966 35.1786)
281,"힐튼부산 이터널저니(한,영,중간,중번,일)",기장군,35.197235,129.22784,"아난티코브 타운, 이터널저니",책과 함께하는 영원한 여행 이터널저니,"부산 기장 북 카페, 힐튼부산 이터널저니",부산광역시 기장군 기장읍 기장해안로 268-31,https://ananti.kr/ko/cove/CV0501,"동해선 오시리아역 하차 → 139, 181, 100 버스 환승  → 동암후문 하차주차 힐튼부산 주차장",-,-,10:00~21:00,무료,"장애인 화장실, 장애인 주차, 장애인전용엘리베이터, 점자블록, 휠체어접근가능",https://www.visitbusan.net/uploadImgs/files/cntnts/20191225170855698_ttiel,https://www.visitbusan.net/uploadImgs/files/cntnts/20191225170855698_thumbL,"최근 들어 호캉스라는 신조어가 생길 정도로 많은 호텔과 리조트는 그 자체로 여행의 목적지가 되기도 한다. 이러한 트렌드에 맞춰 지어진 대표적인 곳이, 바로 힐튼 부산의 ‘이터널저니’다",POINT (129.22784 35.197235)
285,민락수변공원,수영구,35.155907,129.13435,민락수변공원,광안리 바다의 낭만 민락수변공원,광안리 밤바다 핫플레이스,부산 수영구 광안해변로 361,-,"도시철도 2호선 광안역 3번 출구 도보 20분버스 41, 83-1, 210 민락수변공원 하차주차 인근공영주차장",-,연중무휴,상시,무료,"장애인 주차구역, 장애인 화장실, 점자블록, 산책로 휠체어 접근 가능",https://www.visitbusan.net/uploadImgs/files/cntnts/20191225174730014_ttiel,https://www.visitbusan.net/uploadImgs/files/cntnts/20191225174730014_thumbL,"바다에서 불어오는 바람을 가장 먼저 맞는 곳.마린시티와 광안대교의 야경을 가장 가까운 곳에서 만나는 곳.여름이면 남녀노소가 모이는 휴식처, 민락수변공원이다.1997년 개장한 민락수변공?",POINT (129.13435 35.155907)
286,송도해수욕장,서구,35.07595,129.01694,송도해수욕장,100년을 넘어 다시 태어난 송도해수욕장,동양의 나폴리 부산 송도해수욕장을 가다,부산광역시 서구 송도해변로 100,-,"도시철도 1호선 자갈치역 2번 출구 → 96, 26, 30, 7, 71 버스 환승 → 송도해수욕장 하차 도보 3분부산시티투어버스 부산역(오렌지라인) → 송도해수욕장 하차주차 송도해수욕장 공영주차장(유료)",2023.07.01 ~ 08.31,연중무휴,06:00 - 23:00,무료,"장애인 화장실, 장애인 주차구역, 점자블록, 휠체어 접근 가능, 송도해상케이블카 휠체어탑승 가능, 점자안내판",https://www.visitbusan.net/uploadImgs/files/cntnts/20191225175459392_ttiel,https://www.visitbusan.net/uploadImgs/files/cntnts/20191225175459392_thumbL,나이 지긋한 어르신의 추억 속 해수욕장이 젊은이들의 핫플로 다시 태어났다면?SNS를 뜨겁게 달구며 너도나도 업로드 경쟁중인 장소의 주인공 송도해수욕장으로 간다.송도해수욕장은 1913년에,POINT (129.01694 35.07595)
287,아미산전망대,사하구,35.052727,128.96075,아미산전망대,강과 바다가 만나는 곳 아미산전망대,세상에서 가장 아름다운 위로,부산광역시 사하구 다대낙조2길 77,busan.go.kr/wetland/amisanintro01,도시철도 1호선 다대포항역 1번 출구 → 사하구15 마을버스 환승 → 몰운대성당 하차 도보2분주차 아미산전망대 공영주차장(무료),-,"1월 1일, 월요일",화~일 / 09:00 ~ 18:00(입장 17:00까지),무료,"장애인 주차구역, 엘리베이터, 휠체어접근 가능",https://www.visitbusan.net/uploadImgs/files/cntnts/20191225180243523_ttiel,https://www.visitbusan.net/uploadImgs/files/cntnts/20191225180243523_thumbL,"영남지방 전역을 시원하게 관통하는 낙동강, 그 끝자락이 남해와 만나 바다가 되기 직전 강줄기 따라 실려 온 모래는 거대한 삼각주가 되어 비옥한 땅을 이룬다. 풍부한 먹이와 깨끗한 수질로",POINT (128.96075 35.052727)
288,아미동 비석마을,서구,35.099068,129.0127,아미동 비석마을,묘지 비석을 품은 동네 아미동 비석문화마을,과거와 공존하는 특이한 방법,부산광역시 서구 아미로49,-,도시철도 1호선 토성역 8번 출구 도보 15분마을버스 사하구1-1 서구2 산상교회(비석문화마을) 하차주차 아미골 공영주차장,-,연중무휴,상시,무료,-,https://www.visitbusan.net/uploadImgs/files/cntnts/20191226093554532_ttiel,https://www.visitbusan.net/uploadImgs/files/cntnts/20191226093554532_thumbL,도로 하나를 사이에 두고 감천문화마을과 나란히 펼쳐지는 아미동 비석문화마을.산복도로 르네상스 시대를 맞아 방문하는 관람객들로 분주해진 산동네 마을 중 하나이다.6.25 전쟁 통에 가재?,POINT (129.0127 35.099068)
289,부산시립미술관,해운대구,35.16702,129.1369,부산시립미술관,벡스코 옆 미술관 부산시립미술관,상상을 자극하는 현대미술의 향연,부산광역시 해운대구 APEC로 58,http://art.busan.go.kr,도시철도 2호선 벡스코(시립미술관)역 5번 출구주차 09:00~19:00 유료,-,"1월 1일, 매주 월요일",본관/ 화요일~일요일 10:00~18:00이우환 공간(별관) /화요일~일요일 10:00~18:00**입장 17:00까지,본관 유료이우환 공간 유료,"점자블록, 장애인전용 엘리베이터, 장애인 주차장, 장애인 화장실, 휠체어 대여",https://www.visitbusan.net/uploadImgs/files/cntnts/20191226100545553_ttiel,https://www.visitbusan.net/uploadImgs/files/cntnts/20191226100545553_thumbL,"대형?소형 전시실, 로비전시실, 옥외전시실, 어린이미술관, 이우환공간, 카페테리아 등을 갖춘 복합문화공간이다. 다양한 현대미술작품을 발굴하여 전시하고 있으며, 다채로운 문화행사와 체?",POINT (129.1369 35.16702)
290,오랑대공원,기장군,35.205246,129.22583,오랑대공원,바다의 안녕을 기원하는 오랑대공원,-,부산광역시 기장군 기장읍 기장해안로 340,-,"버스 100, 139, 181 해광사 하차 → 도보 4분주차 오랑대공원 주차장",-,연중무휴,상시,무료,휠체어 접근 가능,https://www.visitbusan.net/uploadImgs/files/cntnts/20191226101451768_ttiel,https://www.visitbusan.net/uploadImgs/files/cntnts/20191226101451768_thumbL,갯바위에 부딪치는 파도소리가 마음의 평안을 가져다주는 오랑대공원.해안가 산책로를 걸으며 바다감성 만끽하고 밤이면 인근 대변항의 야경까지 더해 낭만적인 시간을 보낼 수 있는 곳. 언?,POINT (129.22583 35.205246)
291,국립수산과학관,기장군,35.193687,129.22423,국립수산과학관,바다 속 체험은 국립수산과학관으로,-,부산광역시 기장군 기장읍 기장해안로 216,https://www.fsm.go.kr/,"동해선 오시리아역 하차 → 버스 139 환승 국립수산과학관 하차버스 100, 139, 181 국립수산과학관 하차부산시티투어버스 블루라인(해운대) → 국립수산과학관 하차주차 국립수산과학관 주차장(?",-,"매주 월요일, 설날?추석연휴",화~일 09:30~17:30,무료,"장애인 주차장, 장애인 화장실, 휠체어 무료대여, 경사로 설치",https://www.visitbusan.net/uploadImgs/files/cntnts/20191226102157667_ttiel,https://www.visitbusan.net/uploadImgs/files/cntnts/20191226102157667_thumbL,전시관 입구에서부터 참고래 실물 뼈가 관람객을 놀라게 하는 국립수산과학관으로 가보자.신비로운 푸른 바다 복도를 지나 신기하고 재미있는 바다 친구들이 어린이들을 기다린다. 선박을 조,POINT (129.22423 35.193687)
295,요산문학관,금정구,35.27258,129.08571,요산문학관,"사람답게 살아가라, 요산문학관",-,부산광역시 금정구 팔송로 60-6,http://www.yosan.co.kr/main/index.html,"도시철도 1호선 범어사역 1번 출구 도보 12분버스 29, 51, 80 남산동 하차",-,"월요일, 국경일",화~일 10:00~17:00,"입장료 1,000원","점자블록, 휠체어 접근 가능",https://www.visitbusan.net/uploadImgs/files/cntnts/20191226105751809_ttiel,https://www.visitbusan.net/uploadImgs/files/cntnts/20191226105751809_thumbL,"요산문학관은 부산의 변방, 소외된 사람들의 삶을 소설로 고발한 요산 김정한 선생의 문학을 기리는 공간이자 지역민들을 위한 열린 문화 공간이다.일제강점기와 한국전쟁을 지나며 권력에 ?",POINT (129.08571 35.27258)
296,박차정의사 생가,동래구,35.201904,129.0904,박차정의사 생가,기억해야 할 이름 박차정의사,-,부산광역시 동래구 명륜로98번길 129-10,-,"도시철도 4호선 낙민역 1번 출구 도보 4분버스 100, 110-1, 129-1, 144, 148, 200, 210, 29, 31, 43, 44, 49, 57 동래시장 하차",-,"월요일, 1월1일, 명절연휴, 임시공휴일",화~일 10:00~17:00,무료,-,https://www.visitbusan.net/uploadImgs/files/cntnts/20191226110347271_ttiel,https://www.visitbusan.net/uploadImgs/files/cntnts/20191226110347271_thumbL,박차정의사 생가는 동래구 낙민역에서 안내 표지판을 따라 걸음을 옮기기만 하면 쉽게 만날 수 있다. 주택가 골목 사이에 펄럭이는 태극기와 함께 소담한 생가가 자리하고 있다.박차정의사는,POINT (129.0904 35.201904)
297,우장춘 기념관,동래구,35.213547,129.07202,우장춘 기념관,우리 작물을 먹을 수 있는 이유 우장춘 박사,-,부산광역시 동래구 우장춘로62번길 7,-,"도시철도 3호선/4호선 미남역 14번 출구 도보 11분도시철도 1호선 명륜역 1번 출구 도보 16분버스 80, 동래구1-1, 동래구3 우장춘기념관 하차",-,"월요일, 1월 1일, 설?추석 연휴",화~일 09:00~18:00,무료,"장애인 주차장, 경사로 출입구 있음",https://www.visitbusan.net/uploadImgs/files/cntnts/20191226110901484_ttiel,https://www.visitbusan.net/uploadImgs/files/cntnts/20191226110901484_thumbL,일본에서 나고 자란 농학자 우장춘 박사는 해방 후 한국정부의 초청으로 귀국한 뒤 일본에 의존할 수밖에 없었던 채소종자를 품종개량을 통해 국내 완전자급이 가능하도록 전력을 기울인 분?,POINT (129.07202 35.213547)
298,누리바라기전망대,서구,35.09092,129.02019,누리바라기전망대,산복도로 전망대 누리바라기,-,부산광역시 서구 남부민동 50-40,-,"도시철도 1호선 자갈치역 1번 출구 도보 17분버스 16, 17, 161, 61, 7, 9 남부민시장입구 하차 도보 8분주차 누리바라기전망대 주차장",-,연중무휴,상시,무료,휠체어접근 가능,https://www.visitbusan.net/uploadImgs/files/cntnts/20191226113720642_ttiel,https://www.visitbusan.net/uploadImgs/files/cntnts/20191226113720642_thumbL,부산 산복도로의 추억을 공유하고 싶은 여행자에게 바다와 하늘과 도심을 모두 바라보는 누리바라기 전망대를 추천한다.부산항의 아름다운 풍경과 더불어 부산타워와 영도대교까지 조망할 ?,POINT (129.02019 35.09092)
299,최민식갤러리,서구,35.09833,129.01472,최민식갤러리,인간에 대한 위로 최민식 갤러리,-,부산광역시 서구 천마산로410-6,-,"도시철도 1호선 토성역 8번 출구 도보 9분버스 134, 190 아미치안센터 하차 도보 3분마을버스 서구2 아미초등학교 하차 도보 2분주차 아미골 공영주차장(유료)",-,월요일,10:00~19:00,무료,-,https://www.visitbusan.net/uploadImgs/files/cntnts/20191226115628787_ttiel,https://www.visitbusan.net/uploadImgs/files/cntnts/20191226115628787_thumbL,1960~70년대 부산 자갈치시장을 주무대로 활동했던 다큐멘터리 사진작가 최민식 선생의 갤러리가 아미문화학습관 2층에 자리하고 있다.가난한 피란민의 고단한 생활상을 연출 없이 그대로 카메,POINT (129.01472 35.09833)
301,수영사적공원,수영구,35.170967,129.1143,수영사적공원,시원한 오솔길 걸어요 수영사적공원,-,부산광역시 수영구 수영성로 43,http://www.suyeongminsok.or.kr,"도시철도 2, 3호선 수영역 1번 출구 도보 9분버스 1, 131, 141, 20, 5-1, 62, 63 수영사적공원 하차주차 수영사적공원 공영주차장(유료)",-,연중무휴,상시,무료,"장애인 주차구역, 장애인 화장실, 휠체어 접근 가능",https://www.visitbusan.net/uploadImgs/files/cntnts/20191226132135171_ttiel,https://www.visitbusan.net/uploadImgs/files/cntnts/20191226132135171_thumbL,조선시대 남해안 수군지휘부 경상좌도수군절도사영이 있던 자리가 현재의 수영사적공원이다. 수군절도사영의 줄임말 ‘수영’이 현재의 지명으로 그대로 굳어졌다고 한다.역사적 상징성을 ?,POINT (129.1143 35.170967)
302,부산기상관측소,중구,35.104973,129.03218,부산기상관측소,기상계 유네스코 문화재 부산기상관측소,-,부산광역시 중구 복병산길32번길 5-11,-,"도시철도 1호선 중앙역 11번 출구 도보 8분버스 186, 86 새들맨션 하차 도보 6분",-,"토?일요일, 공휴일",월~금 10:00~16:00,무료,-,https://www.visitbusan.net/uploadImgs/files/cntnts/20191226132812226_ttiel,https://www.visitbusan.net/uploadImgs/files/cntnts/20191226132812226_thumbL,살랑살랑 바람 불어 기분 좋은 날에는 부산기상관측소로 향해보자. 부산기상관측소는 1934년 당시 중구 일대에서 가장 높았던 복병산 자락으로 옮겨왔다. 이 건물은 일제강점기 근대건축물의 ?,POINT (129.03218 35.104973)
304,을숙도,사하구,35.107143,128.94283,을숙도,"철새와 함께하는 아름다운 문화의 향연, 을숙도",낙동강의 물줄기와 남해 바닷물이 만나 일군 생태문화공연장,부산광역시 사하구 낙동남로 1240,http://wetland.busan.go.kr,"도시철도 1호선 하단역 3번 출구 → 3, 55, 58, 58-2, 168, 520, 1005, 2000, 58-1, 221 버스 환승 을숙도(문화회관) 하차 도보 10분버스 3, 55, 58, 58-2, 168, 520, 1005, 2000, 58-1, 221 을숙도(문화회관) 하차 도보 10분?",-,연중무휴,매일을숙도생태공원 야간출입 제한(20:00~익일 08:00),무료(주차요금 별도),"공통 : 장애인 화장실, 장애인 주차구역, 휠체어접근 가능을숙도문화회관, 현대미술관, 낙동강하구에코센터 : 점자블록, 엘리베이터, 휠체어대여 가능",https://www.visitbusan.net/uploadImgs/files/cntnts/20191226143325464_ttiel,https://www.visitbusan.net/uploadImgs/files/cntnts/20191226143325464_thumbL,"낙동강줄기와 남해 바닷물이 하나 되는 곳, 비옥한 토양과 민물 어패류의 생태적 보고, 넓은 지대와 풍부한 먹이 덕에 겨울 철새들이 모여드는 곳, 부산의 아름다운 섬, 을숙도를 찾았다. 을숙?",POINT (128.94283 35.107143)
308,부산시청자미디어센터,해운대구,35.17255,129.1302,부산시청자미디어센터,네 꿈을 펼쳐라! 부산시청자미디어센터,-,부산광역시 해운대구 센텀중앙로 42,https://kcmf.or.kr/comc/busan/,"도시철도 2호선 센텀시티역 4번 출구 도보 7분버스 115, 181, 307, 해운대구3-1, 해운대구3-2 시청자미디어센터 하차주차 부산시청자미디어센터 주차장",-,"일요일, 공휴일",평일 10:00~22:00(토요일18:00까지),무료,"장애인 주차구역, 엘리베이터, 휠체어접근 가능, 장애인방송제작실, 휠체어 무료대여, 화면해설 제공, 배리어프리영상제작실",https://www.visitbusan.net/uploadImgs/files/cntnts/20191226152407686_ttiel,https://www.visitbusan.net/uploadImgs/files/cntnts/20191226152407686_thumbL,"부산시청자미디어센터의 정회원이라면 누구나 1인 미디어의 꿈을 펼칠 수 있다. 방송제작에 필요한 교육부터, 영상장비 대여, 편집실과 녹음실 이용이 모두 무료이다. 학생들을 위한 맞춤형 ?",POINT (129.1302 35.17255)
313,구포어린이교통공원,북구,35.200867,129.0008,구포어린이교통공원,어린이들의 교통안전교육은 구포어린이교통공원에서,-,부산광역시 북구 낙동북로 687,https://www.bsbukgu.go.kr/index.bsbukgu?menuCd=DOM_000000103001004001&cpath=,"도시철도 2호선 구명역 2번 출구 도보 5분버스 124, 128-1, 169, 169-1 구남시장 하차 도보 7분주차 구포어린이교통공원 주차장",-,"매주 일요일, 법정공휴일",평일 10:00~18:00(단체체험관람)주말(토요일) 10:00~13:00(개별자유관람),무료,"엘리베이터, 휠체어접근 가능",https://www.visitbusan.net/uploadImgs/files/cntnts/20191226182356876_ttiel,https://www.visitbusan.net/uploadImgs/files/cntnts/20191226182356876_thumbL,"교통안전교육도 받고 신나게 뛰어놀 수도 있는 곳, 어린이들의 천국, 구포어린이교통공원을 소개한다.어린이들의 교통안전 조기교육을 목적으로 현장중심의 체계적인 교육프로그램을 운영하",POINT (129.0008 35.200867)
314,부산솔로몬로파크,북구,35.200798,129.00198,부산솔로몬로파크,놀면서 배우는 법의 모든 것 솔로몬로파크,-,부산광역시 북구 낙동북로 755,http://www.lawnorder.go.kr/solomonbs/,도시철도 2호선 구명역 2번 출구 도보 15분버스 169-1 부산솔로몬로파크 하차주차 부산솔로몬로파크 주차장,-,"1월 1일, 명절연휴",*실내체험관 10:00~17:00 *야외놀이터-단체: 평일 10:00 ~ 17:00 -개인: 평일 15:00 ~ 17:00 / 주말 10:00 ~ 17:00,무료,"장애인 주차구역, 장애인 화장실, 점자블록, 엘리베이터, 휠체어접근 가능",https://www.visitbusan.net/uploadImgs/files/cntnts/20191226183133502_ttiel,https://www.visitbusan.net/uploadImgs/files/cntnts/20191226183133502_thumbL,재미없고 지루한 법은 이제 안녕. 법을 쉽게 배우고 재미있게 체험할 수 있는 솔로몬로파크로 가자.솔로몬로파크는 법교육 테마공원으로 법놀이터와 법체험관으로 나누어 각각 다양한 체험과,POINT (129.00198 35.200798)
315,부산어촌민속관,북구,35.234074,129.00859,부산어촌민속관,어촌문화여행 부산어촌민속관,-,부산광역시 북구 학사로 128,http://www.busan.go.kr/sea/onfolkintro,"도시철도 2호선 화명역 1번 출구 도보 12분버스 111, 121, 126, 15, 59, 금정구1, 북구3 와석 하차 도보 11분주차 부산어촌민속관 주차장",-,"매주 월요일, 1월 1일",화~일 09:00~18:00(입장마감 17:00),무료,"장애인 주차구역, 장애인전용 화장실, 엘리베이터, 휠체어접근 가능, 휠체어 무료대여, 안내견 동반 가능",https://www.visitbusan.net/uploadImgs/files/cntnts/20191226184130120_ttiel,https://www.visitbusan.net/uploadImgs/files/cntnts/20191226184130120_thumbL,지금은 거대한 해양관광수도의 상징이 되었지만 과거 부산은 조그만 어촌마을에 지나지 않았다. 오로지 바다와 낙동강에 삶을 의지하며 어촌문화를 꽃피운 선조들의 삶을 엿볼 수 있는 부산?,POINT (129.00859 35.234074)
325,삼락생태공원,사상구,35.16884,128.97397,삼락생태공원,"봄, 여름, 가을, 겨울이 다 달라 삼락생태공원",삼락생태공원의 매력을 찾아서,부산광역시 사상구 낙동대로 1231,-,"부산김해 경전철 괘법르네시떼 1번 출구 도보 16분버스 8, 15, 31, 33, 59, 61, 62, 77, 110, 123, 126, 138-1, 160, 161, 169, 338 삼락생태공원 하차주차장 공원 및 인근 주차장 이용",-,연중무휴,상시,무료,"장애인 주차장, 장애인 화장실, 휠체어접근 가능",https://www.visitbusan.net/uploadImgs/files/cntnts/20230602100722403_ttiel,https://www.visitbusan.net/uploadImgs/files/cntnts/20230602100722403_thumbL,유유히 흘러가는 낙동강 줄기 옆으로 삼락동 둔치에 넓게 자리 잡은 삼락생태공원. 넓이만 472만 2000㎡에 이르는 공원은 계절마다 각기 다른 매력을 뽐내며 방문객의 사랑을 받고 있다. 특히 부,POINT (128.97397 35.16884)
326,"암남공원, 송도해안볼레길",서구,35.058804,129.01566,암남공원/송도해안볼레길,"암남반도 남쪽 끝자락, 암남공원을 만나다",볼수록 매력있는 송도해안볼레길,부산 서구 암남공원로 185,-,"도시철도 1호선 자갈치역 하차- 1번출구- 자갈치역, 충무동교차로 정류장까지 도보 이동- 버스(7번) 환승- 암남공원 정류장 하차주차 암남공원 공영주차장 이용(유료)",상시,연중무휴,매일,무료,"장애인 주차구역, 장애인 화장실, 휠체어접근 가능구간 있음",https://www.visitbusan.net/uploadImgs/files/cntnts/20191227112720050_ttiel,https://www.visitbusan.net/uploadImgs/files/cntnts/20191227112720050_thumbL,"소나무 숲 사이로 보이는 남해 바다.그 위로 비치는 햇빛.반짝이는 물결 사이로 떠 있는 배들의 모습.여행자의 마음에 여유를 선물하는 아름다운 곳, 암남반도 남쪽 끝자락에 위치한 암남공원?",POINT (129.01566 35.058804)
333,장림포구 (부네치아),사하구,35.080727,128.95694,장림포구 (부네치아),알록달록 포토존 가득한 부네치아 장림포구,오래된 포구의 형형색색 새로운 변신,부산광역시 사하구 장림로93번길 72,https://www.saha.go.kr/tour/contents.do?mId=0107000000,"도시철도 1호선 장림역 하차 후, 마을버스 5번 환승 후 장림포구 하차, 도보 2분 이동버스 : 부산역에서 338번 버스 승차, 장림시장 하차, 도보 18분 이동",-,연중무휴,-,"무료(카페이용, 체험비 별도)",휠체어접근 가능,https://www.visitbusan.net/uploadImgs/files/cntnts/20191227160751479_ttiel,https://www.visitbusan.net/uploadImgs/files/cntnts/20191227160751479_thumbL,"해운대, 광안리 등 동부산에 비해 조명 받지 못하던 서부산이 최근 많이 사랑받고 있다. 부네치아그램 등 SNS를 통해 알려지기 시작한 장림포구는 부산의 베네치아, 즉 ‘부네치아’로 불리며 ?",POINT (128.95694 35.080727)
334,가덕도,강서구,35.022896,128.8172,가덕도,아는 만큼 보이는 섬 가덕도,숨겨진 부산의 역사를 찾아가다,부산광역시 강서구 가덕해안로 21,-,도시철도 1호선 하단역 하차 → 버스 520 환승 → 동중마을 정류장 하차,-,연중무휴,상시,무료,일부 구간 휠체어접근 가능,https://www.visitbusan.net/uploadImgs/files/cntnts/20191227161822663_ttiel,https://www.visitbusan.net/uploadImgs/files/cntnts/20191227161822663_thumbL,"그림 속 풍경처럼 눈이 시린 푸른 바다, 천혜의 자연경관, 그러나 아물지 않은 전쟁의 기억.여기는 가덕도다.낙동강 물줄기가 긴 여정을 끝내고 남해로 흘러드는 강 하구, 아름다운 모래섬 뒤?",POINT (128.8172 35.022896)
335,렛츠런파크 부산경남,강서구,35.1566,128.87521,렛츠런파크 부산경남,"즐거움과 편안함, 두근거림이 함께하는 렛츠런파크",가족이 함께하기 좋은 말 테마파크,부산광역시 강서구 가락대로 929,http://park.kra.co.kr/busan_main.do,"좌석버스 220, 221 렛츠런파크 입구 하차시내버스 4 렛츠런파크 하차마을버스 강서구7, 강서구7-2 렛츠런파크입구 하차셔틀버스 (금~일 운행)하단/주례 노선 : 도시철도 하단역 5번 출구, 주례역 8?",-,월~화,수~일 09:30~18:00,"경마경기일 2,000원비경마경기일 무료조랑말 승마체험 2,000원슬레드힐 2,000원","엘리베이터, 장애인 화장실",https://www.visitbusan.net/uploadImgs/files/cntnts/20191227163229549_ttiel,https://www.visitbusan.net/uploadImgs/files/cntnts/20191227163229549_thumbL,"다양한 종류의 테마파크가 있지만, ‘말 테마파크’로는 이 곳을 따라올 곳은 없다. 입구에서부터 역동적인 말 동상이 우리를 반기는 곳, 바로 렛츠런파크 부산경남이다.거대한 아치형 정문과",POINT (128.87521 35.1566)
340,국립부산과학관,기장군,35.20468,129.2127,국립부산과학관,과학을 알면 미래가 보인다! 국립부산과학관,"어린이에게는 더 큰 상상력을, 어른에게는 동심을 떠올리게 해주는 과학의 배",부산광역시 기장군 기장읍 동부산관광6로 59,https://www.sciport.or.kr/kor/Main.do,도시철도 동해선 오시리아역 1번 출구 → 버스 185 환승 → 국립부산과학관 하차도시철도 2호선 장산역 5번?7번 출구 → 버스 185 환승 → 국립부산과학관 하차주차 국립부산과학관 주차장(유료),-,"매주 월요일, 1월 1일, 설날?추석 당일",화~일 09:30~17:30(입장 16:30분까지),연령별 상이(홈페이지 참조),"장애인 화장실, 엘리베이터, 장애인 주차구역, 경사로, 휠체어접근 가능",https://www.visitbusan.net/uploadImgs/files/cntnts/20230901132543063_ttiel,https://www.visitbusan.net/uploadImgs/files/cntnts/20230901132543063_thumbL,"114만 명, 국립부산과학관 유치서명을 할 때 참가한 부산시민의 숫자라고 한다. 부산인구가 350만 명 쯤 되니까, 얼마나 많은 부산시민들이 과학관을 원했는지 느낄 수 있다. 이렇게 큰 관심과 ?",POINT (129.2127 35.20468)
343,송상현광장,부산진구,35.166397,129.06595,송상현광장,흐름과 소통의 연결고리 송상현광장,-,부산광역시 부산진구 중앙대로 818,http://www.songsanghyeon.com/song/Main.do,"도시철도 1호선 부전역 8번 출구 도보 2분버스 5-1, 10, 20, 29, 31, 33, 43, 52, 57, 62, 77, 80, 86, 87, 99, 110-1, 111, 129-1, 141, 1002 송상현광장 하차주차 송상현광장 주차장",-,-,상시,무료,"장애인 주차구역, 장애인 화장실, 점자블록(화장실입구), 휠체어 접근 가능, 엘리베이터",https://www.visitbusan.net/uploadImgs/files/cntnts/20191227175243198_ttiel,https://www.visitbusan.net/uploadImgs/files/cntnts/20191227175243198_thumbL,"도심 한가운데 아름다운 숲과 실개천을 간직한 송상현광장, 산들바람 부는 날에 메타세쿼이아 나무 아래에서 나만의 여유를 즐기기에 안성맞춤인 곳이다. 카페와 야외공연장 등 편의시설도 ?",POINT (129.06595 35.166397)
344,어린이대공원,부산진구,35.184998,129.04153,부산어린이대공원,아이와 함께 자연 속으로 어린이대공원,-,부산광역시 부산진구 새싹로 295,http://bschildpark.bisco.or.kr/,"버스 54, 63, 81, 133 어린이대공원 하차주차 어린이대공원 주차장(유료)",-,연중무휴,상시,무료,"장애인 주차구역, 장애인 화장실, 휠체어접근 가능, 휠체어 무료대여, 엘리베이터, 안내견 동반 가능",https://www.visitbusan.net/uploadImgs/files/cntnts/20191227180139517_ttiel,https://www.visitbusan.net/uploadImgs/files/cntnts/20191227180139517_thumbL,아이와 함께라면? 일단 어린이대공원으로 가자.부산 어린이대공원이 아름다운 순환산책로의 탄생과 함께 가족 방문객들의 최애 장소로 변모했다. 어린이회관에 이르는 길은 오르막이긴 하지?,POINT (129.04153 35.184998)
346,국립부산국악원,부산진구,35.17132,129.05424,국립부산립국악원,신명천지 국립부산국악원,-,부산광역시 부산진구 국악로2,http://busan.gugak.go.kr/,"버스 33, 44, 63, 83-1, 103 국립부산국악원 하차주차 부립부산국악원 주차장(무료)",-,연중무휴,매일 09:00~22:00,공연별 상이,"장애인 주차구역, 장애인 화장실, 점자손잡이, 점자블록, 엘리베이터, 휠체어 접근 가능. 휠체어 무료대여, 오디오가이드, 장애인 전용 관람석",https://www.visitbusan.net/uploadImgs/files/cntnts/20191227181259877_ttiel,https://www.visitbusan.net/uploadImgs/files/cntnts/20191227181259877_thumbL,부산?영남 지역의 정서가 담긴 전통 공연뿐 아니라 전국 팔도의 흥을 모아 새로운 국악의 얼굴을 보여주는 국립부산국악원. 우리 가락과 함께 신명나는 국악의 향연이 일 년 내내 펼쳐지는 곳?,POINT (129.05424 35.17132)
347,삼광사,부산진구,35.175694,129.04338,삼광사,부처님의 세 가지 염원 삼광사,-,부산광역시 부산진구 초읍천로43번길 77,http://www.samkwangsa.or.kr/index2.php,"도시철도 2호선 서면역 9번 출구 영광도서 맞은편 정류장 → 마을버스 부산진구15 환승 → 삼광사 경내 정류장 하차버스 44, 54, 63, 81, 133 삼광사 입구 하차 도보 이동주차 삼광사 주차장(무료)",-,연중무휴,상시,무료,휠체어 접근 가능,https://www.visitbusan.net/uploadImgs/files/cntnts/20191227184611977_ttiel,https://www.visitbusan.net/uploadImgs/files/cntnts/20191227184611977_thumbL,산새 아름다운 백양산 자락에 웅장한 자태 뽐내며 아랫동네를 품에 가득 안고 있는 삼광사. 규모가 큰 사찰이지만 관음기도도량으로 조용히 기도를 드리는 사람이 많다. 부처님 진신사리가 봉,POINT (129.04338 35.175694)
348,청사포와 미포,해운대구,35.1602,129.19138,청사포와 미포,도심 속 작은 어촌마을 청사포와 미포,소박한 바다감성을 느낄 수 있는 곳,청사포 부산광역시  해운대구 청사포로128번길 25미포 부산광역시 해운대구 달맞이길62번길,-,청사포도시철도 2호선 장산역 5번 출구 → 마을버스 해운대구2 환승 → 청사포 슈퍼 하차 도보 3분부산시티투어버스 레드라인(부산역) → 블루라인 환승(해운대해수욕장) → 청사포 하차주차 ?,-,연중무휴,상시,무료,"장애인 주차구역, 휠체어 접근 가능",https://www.visitbusan.net/uploadImgs/files/cntnts/20191227190325222_ttiel,https://www.visitbusan.net/uploadImgs/files/cntnts/20191227190325222_thumbL,"분명히 부산 시내에 있지만 멀리 떨어진 어촌마을로 온 듯한 기분을 선사해주는 청사포와 미포, 그 소박한 풍경 속으로 떠난다.청사포의 ‘청사’는 ‘푸른 모래’ 라는 뜻이다. 이름만 들어?",POINT (129.19138 35.1602)
354,부산시민공원,부산진구,35.16841,129.05739,부산시민공원,"부산시민의 품으로 되돌아온 쉼터, 부산시민공원",도심 속 소풍을 즐겨보자!,부산광역시 부산진구 시민공원로 73,http://citizenpark.or.kr/,"도시철도 1호선 부전역 1번 출구 도보 10분버스 33, 44, 63, 179 부산시민공원 하차 도보 6분주차 부산시민공원 주차장(유료)",-,연중무휴,매일 05:00 - 24:00,무료,"휠체어접근 가능, 휠체어 대여, 장애인 화장실, 전동보장구 급속충전기, 엘리베이터",https://www.visitbusan.net/uploadImgs/files/cntnts/20191227194942971_ttiel,https://www.visitbusan.net/uploadImgs/files/cntnts/20191227194942971_thumbL,"군부대와 공원. 정반대에 놓여있는 느낌의 두 단어다. 하지만 군부대가 공원으로 다시 태어난 곳이 있으니, 바로 부산시민공원이다. 광복 후 미군 하야리아 부대로 이 땅이 불린지 70여 년 만에",POINT (129.05739 35.16841)
358,"호천마을(한,영,중간,중번,일)",부산진구,35.144295,129.05106,호천마을,‘쌈마이 감성’ 가득한 호랑이마을 호천마을,별빛이 쏟아져 내린 듯한 야경을 가진 곳,부산광역시 부산진구 엄광로 491,-,버스 서면 롯데백화점 부산본점 맞은편 버스정류장 87 탑승 → 호천마을 입구 하차,-,연중무휴,상시,무료,-,https://www.visitbusan.net/uploadImgs/files/cntnts/20191227202219554_ttiel,https://www.visitbusan.net/uploadImgs/files/cntnts/20191227202219554_thumbL,"부산의 특색 중 하나로 산복도로가 꼽히고, 그 중 가장 유명한 곳을 꼽자면 감천문화마을이 있다. 그리고 또 떠오른 산복도로 마을이 있으니 바로 드라마 ‘쌈마이웨이’ 촬영지로 알려진 호?",POINT (129.05106 35.144295)
359,"봉래산(한,영,중간,중번,일)",영도구,35.08219,129.05524,봉래산,봉래산 전망이 끝내줘요~!,-,부산광역시 영도구 신선동3가 산3,-,"도시철도 1호선 남포역 6번 출구 → 버스 508, 71 환승 → 절영종합사회복지관 하차 등산로 방향 도보 이동",-,연중무휴,상시,무료,-,https://www.visitbusan.net/uploadImgs/files/cntnts/20191227202829011_ttiel,https://www.visitbusan.net/uploadImgs/files/cntnts/20191227202829011_thumbL,"봉황이 내려온다는 산 이름이 너무 거창하다고? 봉래산에 올라 마침내 그 풍광을 가지는 순간 이름에 대한 의구심은 사라진다.울퉁불퉁 바위 사이 가파른 경사를 오르기도 하고, 스멀스멀 물?",POINT (129.05524 35.08219)
361,영화의 거리,해운대구,35.154633,129.14278,영화의 거리,"니가 가라, 영화의 거리",-,부산광역시 해운대구 마린시티1로 91,-,도시철도 2호선 동백역 3번 출구 도보 18분,-,연중무휴,상시,무료,-,https://www.visitbusan.net/uploadImgs/files/cntnts/20191227203859552_ttiel,https://www.visitbusan.net/uploadImgs/files/cntnts/20191227203859552_thumbL,슬레이트는 이미 준비됐다. 신(scene) 넘버 원 영화의 거리 ‘레디~~ 액션!’천만관객을 이끈 많은 영화들이 부산에서 촬영한 거라고? 어떤 영화들이 있을까? 영화의 거리에서 정답 확인!‘넌 감?,POINT (129.14278 35.154633)
362,APEC나루공원,해운대구,35.170307,129.12564,APEC나루공원,소확행은 공원이지_APEC나루공원,-,부산광역시 해운대구 수영강변대로 85,-,도시철도 2호선 센텀시티역 12번 출구 도보 10분버스 139 영화의전당 하차 도보 3분,-,연중무휴,상시,무료,"장애인 주차구역, 장애인 화장실, 휠체어접근 가능",https://www.visitbusan.net/uploadImgs/files/cntnts/20191227204420832_ttiel,https://www.visitbusan.net/uploadImgs/files/cntnts/20191227204420832_thumbL,"변화 없는 일상이 지루할 때, 혹은 변화무쌍한 매일이 지칠 때.책 한권 달랑 들고 조용한 APEC나루공원으로 간다. 수영강변 따라 뻗어 있는 도심 속 작은 공원이지만 책을 읽을 수 있는 테이블도",POINT (129.12564 35.170307)
364,"40계단, 문화관",중구,35.104343,129.03534,40계단,지나간 시절을 되짚어 오르는 40계단,피난민들의 삶과 애환을 담다,부산광역시 중구 동광길49,http://www.bsjunggu.go.kr/tour/index.junggu?menuCd=DOM_000000208001001000&link=success&cpath=%2Ftour,도시철도 1호선 중앙역 11번 출구 도보 5분버스 17 26 27 40 41 61 82 85 87 103 134 190 1003 중앙동 하차,-,"연중무휴40계단 문화관 : 매주 월요일, 국경일, 명절",상시(40계단 문화관 평일 10:00~18:00 / 토?일 10:00~17:00),무료,"40계단 문화관 : 점자블록, 엘리베이터, 장애인용 화장실, 휠체어접근 가능",https://www.visitbusan.net/uploadImgs/files/cntnts/20191229141716592_ttiel,https://www.visitbusan.net/uploadImgs/files/cntnts/20191229141716592_thumbL,"정든 산천 떠나와 40계단 층층대에 앉아 울던 나그네는 어떻게 되었을까.고향 길이 열리기만 사무치게 기다리던 모든 피난민의 삶의 터전, 그들이 남긴 삶의 애환을 느끼며 40계단을 걸어보자.?",POINT (129.03534 35.104343)
365,감천문화마을,사하구,35.095787,129.00926,감천문화마을,"알록달록 아름답게 펼쳐진 파스텔톤, 감천문화마을",역사와 문화 그리고 예술이 만난 감성골목,부산광역시 사하구 감내2로 203,https://www.gamcheon.or.kr/,"도시철도1호선 괴정역 6번 출구 → 마을버스 환승 사하1, 사하1-1 → 감정초등학교 하차 도보 5분1호선 토성역 6번 출구 → 마을버스 환승 사하1-1, 서구2, 서구2-2 → 감정초등학교 하차 도보 5분주",-,연중무휴,09:00 ~ 18:00 (3월-10월)09:00 ~ 17:00 (11월-2월),무료(주차요금 별도),"장애인화장실, 장애인주차장",https://www.visitbusan.net/uploadImgs/files/cntnts/20191229142305006_ttiel,https://www.visitbusan.net/uploadImgs/files/cntnts/20191229142305006_thumbL,"하늘에 금방이라도 닿을 것만 같은 형형색색의 지붕, 마을 전체를 덮고 있는 따뜻한 분위기. 질서정연하게 늘어선 계단식 마을이 독특한 아름다움을 선사하는 감천문화마을이다. 지금은 이렇?",POINT (129.00926 35.095787)
366,다대포 해수욕장,사하구,35.04652,128.96283,다대포 해수욕장,발길 닿는 곳 어디든 아름다운 다대포해수욕장,몽환의 바다,부산광역시 사하구 몰운대1길 14,https://www.saha.go.kr/tour/contents.do?mId=0101030000(다대포해수욕장)https://www.saha.go.kr/tour/contents.do?mId=0609000000(낙조분수),"도시철도 1호선 다대포해수욕장역 2번 출구 도보 8분버스 11, 2, 3, 338, 96, 96-1, 1000 다대포해수욕장 하차주차 다대포해수욕장 공영주차장(유료)",2023.07.01 ~ 08.31,다대포해수욕장 : 연중무휴낙조분수: 월요일,다대포해수욕장 : 매일낙조분수 : 4월 말~10월(매주 화~일),무료(주차요금 별도),"장애인 화장실, 장애인 주차구역, 휠체어접근 가능, 저상버스접근 가능(11번)",https://www.visitbusan.net/uploadImgs/files/cntnts/20191229143230630_ttiel,https://www.visitbusan.net/uploadImgs/files/cntnts/20191229143230630_thumbL,"낙동강과 남해안이 만나 양질의 모래밭을 만든 곳, 일출과 일몰 조망지로 부산 최고인 곳, 다대포해수욕장은 자연이 주는 황홀경을 맘껏 즐길 수 있는 기분 좋은 장소이다.다대포해수욕장의 ?",POINT (128.96283 35.04652)
367,부산영화체험박물관/트릭아이뮤지엄부산,중구,35.101692,129.0337,"부산영화체험박물관, 트릭아이뮤지엄부산",부산영화체험박물관 feat.트릭아이뮤지엄부산,영화적 상상을 현실로,부산광역시 중구 대청로126번길 12,http://www.busanbom.kr,"도시철도 1호선 중앙역 5번 출구 도보 5분버스 126, 15, 186, 86 백산기념관 하차 도보 3분주차 부산영화체험박물관 주차장(1시간 무료)",-,"매주 월요일, 신정?설날?추석 당일",화 ~ 일 / 10:00 ~ 18:00 (입장 17:00),체험별?연령별 상이(홈페이지 참조),"장애인 화장실, 장애인 주차구역, 엘리베이터, 점자블록, 음성안내기, 휠체어접근 가능, 안내견동반 가능",https://www.visitbusan.net/uploadImgs/files/cntnts/20191229144834500_ttiel,https://www.visitbusan.net/uploadImgs/files/cntnts/20191229144834500_thumbL,"영화의 도시 부산에 ‘봄’이 왔다.봄(BOM)은 Busan museum Of Movies의 줄임말로 영화의 모든 것을 보고, 느끼고, 즐기는 영화관련 전문체험관이다.매년 부산국제영화제가 개최되고 영화촬영지로서 ?",POINT (129.0337 35.101692)
368,용두산공원,중구,35.100723,129.03264,용두산공원,부산여행의 이유 용두산공원,전망맛집 부산타워 100배 즐기기,부산광역시 중구 용두산길 37-55,https://www.bisco.or.kr/yongdusanpark/,"도시철도 1호선 중앙역 1번 출구 도보 6분         1호선 남포역 7번 출구 도보 7분버스 126, 15, 186, 81, 86 백산기념관 하차 도보 6분     134, 26, 30, 7, 71, 9, 103, 11, 113, 126, 15 남포동 하차 도보 10분주차 ?",-,연중무휴(부산타워는 기상 등의 이유로 변경될 수 있음),부산타워 10:00~22:00(발권마감 21:30),무료(부산타워 입장료 별도-홈페이지 참조),"점자블록, 엘리베이터, 안내견동반 가능, 장애인 주차구역, 장애인 화장실, 휠체어접근 가능, 휠체어 대여, 음성안내 가이드",https://www.visitbusan.net/uploadImgs/files/cntnts/20191229145728609_ttiel,https://www.visitbusan.net/uploadImgs/files/cntnts/20191229145728609_thumbL,"용두산공원이 거기 있기 때문에 부산으로 간다?맞다. 요즘은 용두산공원이 부산여행의 이유가 되었다.부산 동부권역에 명소 해운대가 있다면 중부권에는 역시 남포동이 최고의 핫플레이스, ?",POINT (129.03264 35.100723)
369,영도다리,영도구,35.095295,129.03656,영도대교,눈물로 약속한 공간 영도대교,꼭 다시 만나자,부산광역시 영도구 태종로 46,-,"도시철도 1호선 남포동 6, 8번출구 도보 4분버스 6, 7, 9, 71, 508, 82, 85, 113, 66, 186, 30, 8, 190, 88, 30 영도대교 하차",-,-,-,무료,휠체어접근 가능,https://www.visitbusan.net/uploadImgs/files/cntnts/20191229150331682_ttiel,https://www.visitbusan.net/uploadImgs/files/cntnts/20191229150331682_thumbL,영도다리 난간에 수없이 펄럭이던 저마다의 사연은 사라진지 오래되었지만 아직도 그 시절을 떠올리면 눈가가 젖어오는 사람들.전쟁통에 가족과 생이별할 때 무조건 살아남아 영도다리에서 ?,POINT (129.03656 35.095295)
370,"중앙공원, 민주공원",중구,35.112125,129.02792,"중앙공원, 민주공원","중앙공원, 민주공원",호국과 민주정신이 살아있는 역사테마공원,중앙공원 부산광역시 서구 망양로 193번길 187민주공원 부산광역시시 중구 민주공원길 19,-,도시철도 1호선 초량역 1번 출구 → 508 버스 환승 → 중앙공원?민주공원 하차 도보 6분         1호선 동대신역 3번 출구 → 중구1 마을버스 환승 → 중앙공원?민주공원 하차 도보 5분버스 38 43 508 70,-,"중앙공원?민주공원?충혼탑 연중무휴민주항쟁기념관 매주 월요일, 1월 1일, 설날?추석 당일",충혼탑 9:00 ~ 18:00(3~10월) 9:00 ~ 17:00(11~2월)민주항쟁기념관 09:00 ~ 18:00,무료(주차비 별도),"장애인 주차구역, 장애인전용 엘리베이터, 휠체어접근 가능",https://www.visitbusan.net/uploadImgs/files/cntnts/20191229150845004_ttiel,https://www.visitbusan.net/uploadImgs/files/cntnts/20191229150845004_thumbL,"혼란스러운 역사의 중심에서 나라를 구하기 위해, 또 민주주의를 수호하기 위해, 끊임없이 저항한 위대한 부산시민의 넋. 호국용사와 민주영령의 살아있는 정신이 고스란히 전해지는 이곳은 ?",POINT (129.02792 35.112125)
371,황령산 전망쉼터,남구,35.158115,129.08269,황령산 전망쉼터,눈부신 부산을 선물하다 황령산 전망쉼터,높은 곳을 향한 본능,부산 남구 황령산로 391-39,-,도시철도 2호선 금련산역 6번 출구 하차 택시 이용 10~15분 소요도시철도 1호선 시청역 6번 출구 하차 → 마을버스 연제구1 환승 → 물만골종점 하차 도보 20분주차 황령산 전망쉼터 주차장,-,명절 당일,10:00~23:00,무료,"장애인 주차구역, 장애인 화장실",https://www.visitbusan.net/uploadImgs/files/cntnts/20191229151710512_ttiel,https://www.visitbusan.net/uploadImgs/files/cntnts/20191229151710512_thumbL,"부산의 4개 구에 걸쳐 자리한 황령산, 도심을 감싸며 시원하게 뻗어 내린 산맥이 초록의 울창한 숲을 선물처럼 내어준다. 숲길 걷기 좋아하는 등산객들에겐 숲과 바람과 하늘을 내어주고, 야경",POINT (129.08269 35.158115)
372,F1963,수영구,35.176933,129.11496,F1963,와이어공장에서 문화공장으로 F1963,자연과 예술과 문화가 어우러진 도심 속 공간,부산 수영구 구락로123번길 20,http://www.f1963.org/ko/,도시철도 3호선 망미역 4번 출구 → 수영구2 마을버스 환승 → 산정아파트 하차 도보 2분버스 54 고려제강 하차 도보 2분주차 F1963 주차장,-,-,월~일/09:00 ~ 21:00(매장별 운영시간 상이),무료(주차요금 별도),"장애인 주차구역, 휠체어접근 가능",https://www.visitbusan.net/uploadImgs/files/cntnts/20191229152254942_ttiel,https://www.visitbusan.net/uploadImgs/files/cntnts/20191229152254942_thumbL,누구나 ‘나만 알고 싶은 공간’을 가지고 있기 마련이다. 그러나 이번만큼은 수영구의 숨겨진 아지트를 공개해도 좋겠다. 복합문화공간 F1963을 소개한다.F1963은 공장을 뜻하는 Factory의 앞 글?,POINT (129.11496 35.176933)
373,해운대,해운대구,35.158474,129.15987,해운대,"부산 바다의 정석, 해운대해수욕장",사시사철 언제나 핫 플레이스!,부산광역시 해운대구 해운대해변로 264,http://sunnfun.haeundae.go.kr/,"도시철도 2호선 해운대역 하차  5번 출구 도보 15분버스 139, 307, 1003, 해운대해수욕장 하차부산시티투어버스 부산역(레드라인) → 해운대해수욕장 하차주차 해운대해수욕장 공영주차장",2023.06.01 ~ 08.31,-,매일 09:00~18:00,무료,"휠체어 접근 가능, 안내견 동반 가능, 장애인 주차구역, 장애인 화장실, 휠체어 무료 대여",https://www.visitbusan.net/uploadImgs/files/cntnts/20191229153530528_ttiel,https://www.visitbusan.net/uploadImgs/files/cntnts/20191229153530528_thumbL,"부산하면 가장 먼저 떠오르는 것, 바다! 그중에서도 부산 바다의 정석으로 불리는 곳은 단연 해운대해수욕장이다. 여름은 물론이요, 사시사철 부산을 찾는 관광객들의 발걸음이 한 번쯤은 머?",POINT (129.15987 35.158474)
377,광안리 해수욕장,수영구,35.15318,129.11887,광안리 해수욕장,광안리의 밤은 당신의 낮보다 아름답다,"낭만의 정석, 광안리 바다",부산광역시 수영구 광안해변로 219,http://www.suyeong.go.kr/tour/index.suyeong,"도시철도 2호선 광안역 5번 출구 도보 13분버스 42, 62 광안리해수욕장 하차시티투어버스 부산역(레드라인) → 광안리해수욕장 하차주차 인근 공영주차장",2023.07.01 ~ 08.31,연중무휴,상시,무료,"장애인 화장실, 휠체어 접근 가능, 도시철도 접근 가능, 저상버스 접근 가능",https://www.visitbusan.net/uploadImgs/files/cntnts/20191229160529389_ttiel,https://www.visitbusan.net/uploadImgs/files/cntnts/20191229160529389_thumbL,광안대교라는 랜드마크와 함께 부산을 대표하는 해수욕장 중 하나로 꼽히는 광안리 해수욕장. 도심과 가장 가까운 해변이자 부산 젊은이들의 성지라 할 수 있다.전국에서 모여드는 이들의 입?,POINT (129.11887 35.15318)
396,금정산,금정구,35.280136,129.0512,금정산,금정산이 있어 더 부산다운 부산,단단하게 부산을 지켜주는 금정산,부산광역시 금정구 금성동,-,"범어사 출발 기준도시철도 1호선 범어사역 5번, 7번 출구 하차, 90번 버스 범어사 매표소 하차",-,연중무휴,상시,무료,-,https://www.visitbusan.net/uploadImgs/files/cntnts/20191230180640227_ttiel,https://www.visitbusan.net/uploadImgs/files/cntnts/20191230180640227_thumbL,서울에 북한산이 있다면 부산에는 금정산이 있다. 이 산은 부산 금정구에서 북구 그리고 경남 양산시까지 넓은 지역에 걸쳐 있다. 그렇다 보니 부산 도심은 물론이고 외곽 지역에서도 쉽게 접?,POINT (129.0512 35.280136)
397,금강공원&식물원,동래구,35.22047,129.07494,금강공원/식물원,뉴트로 감성 가득한 금강공원과 식물원,등산은 싫지만 숲길은 걷고 싶은 그대에게,부산 동래구 우장춘로 155,http://geumgangpark.bisco.or.kr,"도시철도 1호선 온천장역 1번 출구 도보 15분버스 46, 77, 80, 110, 110-1, 121, 131, 1002(심야) 금강공원 입구 하차 도보 5분주차 금강공원 공영주차장(유료)",-,연중무휴,금강공원 상시금강식물원 08:00~17:00,금강공원 무료금강식물원 유료(연령별 상이),"장애인 화장실, 장애인 주차구역, 휠체어접근 가능",https://www.visitbusan.net/uploadImgs/files/cntnts/20191230181126685_ttiel,https://www.visitbusan.net/uploadImgs/files/cntnts/20191230181126685_thumbL,"부산시민공원이 생기기 전, 부산에서 가장 유명한 공원은 바로 이곳이었다. 모든 부산 사람의 기억에 자리 잡고 있는 금강공원과 금강식물원이다.일본 상인이 금정산자락의 일부를 자신의 개?",POINT (129.07494 35.22047)
402,범어사,금정구,35.283646,129.06854,범어사,영남 3대사찰 범어사를 만나다,금정산 자락을 따라 걷는 사찰의 미(美),부산광역시 금정구 범어사로 250,http://www.beomeo.kr/,"도시철도 1호선 범어사역 5, 7번 출구 → 버스 환승 90 범어사주차장 하차주차 범어사 주차장(유료)",-,연중무휴,상시,무료,"장애인 주차구역, 장애인 화장실",https://www.visitbusan.net/uploadImgs/files/cntnts/20191230190101989_ttiel,https://www.visitbusan.net/uploadImgs/files/cntnts/20191230190101989_thumbL,"부산 금정구 범어사는 해인사, 통도사와 함께 영남의 3대 사찰로 꼽힌다. 신라 문무왕 때 건축됐으며 역사적으로도 많은 고승을 배출한 수행사찰로 유명하다. 특히 아름다운 계곡과 빼어난 산?",POINT (129.06854 35.283646)
409,동래읍성,동래구,35.20975,129.08997,동래읍성,오리지널 부산은 바로 여기! 동래읍성,동래읍성에서 과거와 현재를 함께 만나보는 건 어떨까,"부산광역시 동래구 명륜, 복천, 칠산, 명장, 안락동 일대",-,"도시철도 명륜역 2번 출구 도보 21분마을버스 동래구1-1, 동래구7 동래문화회관 하차 도보 4분",-,매주 월요일,화~일 09:00 ~ 18:00,무료,-,https://www.visitbusan.net/uploadImgs/files/cntnts/20191230194923757_ttiel,https://www.visitbusan.net/uploadImgs/files/cntnts/20191230194923757_thumbL,"동래라는 이름은 역사가 깊은 이름이다. 본디 조선시대까지만 해도 동래의 일부가 부산이었지만, 일제강점기를 거치며 입장이 바뀌어버렸다. 일제강점기가 없었다면 ‘동래광역시 부산구’ ?",POINT (129.08997 35.20975)
415,상해거리,동구,35.113808,129.03786,상해거리,부산 속 작은 중국 상해거리를 걷다,걸어서 중국 속으로,부산 동구 중앙대로179번길 11,-,"도시철도 1호선 부산역 1번, 5번 출구버스 2, 26, 27, 41, 59, 67, 87, 103, 167, 520 부산역 하차주차 차이나타운 공영주차장(유료)",-,연중무휴,상시(가게별 상이),무료(음식주문 별도),"장애인 주차구역, 휠체어접근 가능",https://www.visitbusan.net/uploadImgs/files/cntnts/20191230203235198_ttiel,https://www.visitbusan.net/uploadImgs/files/cntnts/20191230203235198_thumbL,부산 상해거리는 동구 초량동에 위치한 중국인 최대 거주지역이다.일제강점기를 지나면서 중국인들이 하나둘 이주해 형성되기 시작한 거리인데 과거 중국 영사관이 있기도 했다. 상해거리는,POINT (129.03786 35.113808)
418,이중섭문화거리,동구,35.14069,129.05289,이중섭문화거리,"골목길 안 거리미술관, 이중섭 문화거리",-,부산광역시 동구 증산로 168,-,"도시철도 1호선 좌천역 7번 출구 도보 12분버스 186, 29, 38, 86, 동구1, 동구1-1 아름빌아파트 하차",-,연중무휴,상시,무료,-,https://www.visitbusan.net/uploadImgs/files/cntnts/20191230205059771_ttiel,https://www.visitbusan.net/uploadImgs/files/cntnts/20191230205059771_thumbL,그림 밖에 몰랐던 천재화가 이중섭이 전쟁의 포화를 피해 부산으로 피난 와 정착한 곳. 허름한 판잣집이 다닥다닥 붙어 있던 범일동 산비탈에서도 그림에 대한 열정은 계속되었다.이중섭 전망,POINT (129.05289 35.14069)
419,"복천박물관, 복천동고분군",동래구,35.208885,129.09116,"복천박물관, 복천동고분군","가야 왕국의 귀환, 복천박물관/복천동고분군",-,부산광역시 동래구 복천로 63,http://museum.busan.go.kr/bokcheon/,도시철도 4호선 수안역 5번 출구 도보 18분마을버스 동래구6 복천박물관 하차,-,"월요일, 1월 1일",09:00 ~ 18:00 (입장 17:00까지),무료,"점자블록, 장애인용 엘리베이터, 경사로, 장애인 주차구역, 장애인 화장실, 휠체어접근 가능, 휠체어 대여",https://www.visitbusan.net/uploadImgs/files/cntnts/20191230205640434_ttiel,https://www.visitbusan.net/uploadImgs/files/cntnts/20191230205640434_thumbL,"복천동의 오래된 주택가 재개발 지역에서 그보다 훨씬 더 오래된 가야시대 무덤 40기가 발견되었다. 도굴의 흔적이 없는 완벽한 가야 왕국의 고분으로 금동관, 토기, 갑옷, 투구 등 수많은 유물",POINT (129.09116 35.208885)
420,벡스코,해운대구,35.169247,129.13628,벡스코,주말엔 방콕 말고 벡스코!,-,부산광역시 해운대구 APEC로 55,http://www.bexco.co.kr,"도시철도 2호선 센텀시티역 1번 출구 도보 6분버스 100, 100-1, 115-1, 139, 141, 181, 200, 31, 39, 40, 63 벡스코 시립미술관 하차",-,연중무휴,행사별 상이(홈페이지 참조),행사별 상이(홈페이지 참조),"장애인 전용 관람석, 점자블록, 엘리베이터, 장애인 주차구역, 휠체어접근 가능, 장애인 화장실",https://www.visitbusan.net/uploadImgs/files/cntnts/20191230210019945_ttiel,https://www.visitbusan.net/uploadImgs/files/cntnts/20191230210019945_thumbL,부산에서 제법 규모가 있는 행사나 박람회는 모두 이곳에서 열린다. 바로 국제적인 규모를 자랑하는 전시컨벤션센터 벡스코(BEXCO)다. 체험 형태의 전시 뿐 아니라 다양한 문화공연과 행사가 365,POINT (129.13628 35.169247)
421,영화의 전당,해운대구,35.171055,129.12703,영화의 전당,영화도시 부산의 랜드마크 영화의 전당,-,부산광역시 해운대구 수영강변대로 120,http://www.dureraum.org,"도시철도 2호선 센텀시티역 6번 출구 도보 5분버스 115, 181, 307, 해운대구3-1, 해운대구3-2 시청자미디어센터?KNN방송국 하차 도보 8분",-,연중무휴,매일 / 프로그램별 상이(홈페이지 참조),프로그램별 상이(홈페이지 참조),"장애인 전용 관람석, 점자블록, 엘리베이터, 장애인 주차구역, 휠체어접근 가능, 장애인 화장실",https://www.visitbusan.net/uploadImgs/files/cntnts/20191230210358362_ttiel,https://www.visitbusan.net/uploadImgs/files/cntnts/20191230210358362_thumbL,"아시아를 넘어 세계적으로 인정받는 부산국제영화제, 부산이 영화의 도시라 불리는 가장 큰 이유다. 그리고 또 하나, 빅루프의 LED조명과 함께 부산의 랜드마크가 된 영화의 전당이 있다. 영화?",POINT (129.12703 35.171055)
425,"장안사(한,영,중간,중번,일)",기장군,35.374046,129.23288,장안사,불광산과 그 계곡을 두른 천년고찰 장안사,"산과 계곡과 사찰, 그리고 사람이 하나가 되는 곳",부산광역시 기장군 장안읍 장안로 482,-,마을버스 기장군9 상장안 하차 도보 약 17분주차 장안사 주차장,-,-,상시,무료,"장애인 화장실, 장애인 주차구역, 휠체어접근 가능, 점자블록(화장실 입구)",https://www.visitbusan.net/uploadImgs/files/cntnts/20191231091948765_ttiel,https://www.visitbusan.net/uploadImgs/files/cntnts/20191231091948765_thumbL,"1,300여 년이 넘는 시간동안 불광산 자락을 조화롭게 지키고 있는 장안사는 해골물 일화로 유명한 원효대사가 창건했다고 전해진다. 뒤로는 불광산을, 앞으로는 장안사 계곡을 품고 있는 장안?",POINT (129.23288 35.374046)
426,백양산,부산진구,35.182827,129.02196,백양산,백양산에 올라 부산을 보다,"짜릿한 경험, 산악자전거의 성지",부산광역시 부산진구 당감동,-,"도시철도 1호선 서면역 9번 출구 → 롯데호텔백화점 맞은편 정류장 버스 17, 23 환승 → 선암사 입구 하차 도보 14분도시철도 1호선 서면역 13번 출구 → 영광도서 뒤 맞은편 정류장 버스 54, 63, 81,",-,연중무휴,상시,무료,-,https://www.visitbusan.net/uploadImgs/files/cntnts/20191231092729834_ttiel,https://www.visitbusan.net/uploadImgs/files/cntnts/20191231092729834_thumbL,"부산의 사상구, 북구, 부산진구를 아우르는 백양산은 부산의 많은 산들 중 유독 등산객들이 사랑하는 곳이다. 어디를 가도 코스가 잘 정비돼 있어 등산뿐만 아니라 산악자전거나 산악오토바이",POINT (129.02196 35.182827)
430,성지곡수원지,부산진구,35.187065,129.04105,성지곡수원지,"추억과 자연이 공존하는 곳, 성지곡수원지","부산 도심 속 휴식 공간, 성지곡수원지",부산광역시 부산진구 새싹로 295,http://bschildpark.bisco.or.kr/,"도시철도 1호선 서면역 13번 출구 → 영광도서 뒤 맞은편 정류장 버스 54, 63, 81, 133 어린이대공원 하차, 도보 이동주차 어린이대공원 주차장(유료)",-,연중무휴,상시,무료,"장애인 주차구역, 장애인 화장실, 휠체어접근 가능, 휠체어 무료대여, 엘리베이터, 안내견 동반 가능",https://www.visitbusan.net/uploadImgs/files/cntnts/20191231100856743_ttiel,https://www.visitbusan.net/uploadImgs/files/cntnts/20191231100856743_thumbL,"울창한 나무숲, 고즈넉한 호수, 그리고 피톤치드 가득한 산책로까지.부산 어린이대공원 안에 위치한 성지곡수원지는 부산 시민이라면 누구나 추억 한 자락 간직하지 않은 이가 없을 정도로 예",POINT (129.04105 35.187065)
432,"장산(한,영,중간,중번,일)",해운대구,35.193577,129.14497,장산,마린시티와 광안대교를 품은 장산 정상으로,3시간으로 즐기는 장산 나들이,부산광역시 해운대구 좌동 1390(대천공원),-,"도시철도 2호선 장산역 10번 출구 도보 26분버스 100-1, 115-1, 181, 40, 63 대림3차아파트 하차 도보 15분주차 대천공원 공영주차장(유료) 도보 5분",-,-,상시,무료,-,https://www.visitbusan.net/uploadImgs/files/cntnts/20191231101745599_ttiel,https://www.visitbusan.net/uploadImgs/files/cntnts/20191231101745599_thumbL,부산의 도심에서 남해 바다를 내려다보며 우뚝 솟아 있는 장산은 그 범위가 넓어 다양한 등산 코스가 만들어져 있다. 해운대 마린시티와 광안대교를 조망하며 장산 정상으로 오르는 약 3시간?,POINT (129.14497 35.193577)
433,석불사,북구,35.221504,129.04861,석불사,"자연 암벽에 내려앉은 부처의 염원, 석불사",맑은 공기를 마시며 산책하기 좋은 곳,부산광역시 북구 만덕고개길 143-79,-,대중교통 없음도시철도 3호선 만덕역 1번 출구 도보 50분주차 석불사 초입 노면주차장(좁음),-,연중무휴,상시,무료,-,https://www.visitbusan.net/uploadImgs/files/cntnts/20191231102223413_ttiel,https://www.visitbusan.net/uploadImgs/files/cntnts/20191231102223413_thumbL,"부산이 간직한 많은 풍경 중에서도 금정산에서 백양산으로 이어지는 능선의 절경은 무척이나 아름답다. 그리고 그 가운데 100미터가 넘는 암벽에 둘러싸여있는 고즈넉한 사찰, 석불사가 있다.?",POINT (129.04861 35.221504)
436,"회동수원지(한,영,중간,중번,일)",금정구,35.259056,129.11096,회동수원지,"오랜 시간의 자연을 담은 곳, 회동수원지를 거닐다",부산 갈맷길 명소 회동수원지,부산광역시 금정구 수원지로,http://www.geumjeong.go.kr/tour/index.geumj?menuCd=DOM_000000412001003000,"도시철도 1호선 범어사역 1번 출구 → 버스 환승 금정구3-1 → 상현마을 하차버스 29, 49, 51, 80, 131, 301 범어사입구 하차 → 환승 금정구3-1 → 상현마을 하차주차 선동주차장(무료)",-,연중무휴,상시,무료,"장애인 화장실, 장애인 주차구역",https://www.visitbusan.net/uploadImgs/files/cntnts/20191231105906594_ttiel,https://www.visitbusan.net/uploadImgs/files/cntnts/20191231105906594_thumbL,"회동수원지는 면적이 큰 만큼 강과 호수, 숲이 어우러진 명품 산책로를 간직하고 있다. 사람들의 발길이 오랜 시간 머물지 않아 자연 그대로를 담고 있는 곳으로 땅뫼산 황토숲길, 편백나무숲,",POINT (129.11096 35.259056)
439,"동래향교, 기장향교",동래구,35.207752,129.0841,"동래향교, 기장향교","마음으로 읊는 공자왈 맹자왈, 동래향교&기장향교",가치를 더하는 가르침,부산광역시 동래구 동래로 103(동래향교)부산광역시 기장군 기장읍 차성로417번길 35(기장향교),-,"동래향교도시철도 1, 4호선 동래역 4번 출구 도보 10분버스 100, 110-1, 동래구1, 동래구3, 동래구6-1 복산동주민센터 하차 도보 4분기장향교마을버스 기장군6 문화그린맨션 하차 도보 3분",-,연중무휴,상시,무료,-,https://www.visitbusan.net/uploadImgs/files/cntnts/20191231111302355_ttiel,https://www.visitbusan.net/uploadImgs/files/cntnts/20191231111302355_thumbL,향교는 조선시대 지방 교육기관으로 중국과 조선 유학자들의 위패를 모시고 유학을 가르친 곳이다. 당시 각 지방 향교는 조선의 교육 기관으로 중추적 역할을 담당하며 인재를 양성해 왔다.부,POINT (129.0841 35.207752)
444,가덕도 연대봉,강서구,35.026875,128.83395,가덕도 연대봉,"하늘과 바다가 만나는 길, 가덕도 연대봉",미처 몰랐던 부산의 한 조각을 만나다,부산광역시 강서구 천성동,-,도시철도 1호선 하단역 3번 출구 → 버스 520 환승 → 전망대 정류장 하차 연대봉까지 도보 이동,-,연중무휴,상시,무료,-,https://www.visitbusan.net/uploadImgs/files/cntnts/20191231180337567_ttiel,https://www.visitbusan.net/uploadImgs/files/cntnts/20191231180337567_thumbL,예로부터 더덕이 많이 나서 붙여졌다는 이름 가덕도는 부산에 속한 섬 중 가장 큰 섬이지만 서쪽 제일 끝에 위치해 있어 일부 사람들에게는 낯선 곳이기도 했다. 하지만 가덕도는 신석기 시대?,POINT (128.83395 35.026875)
445,승학산 억새평원,사하구,35.116604,128.97968,승학산 억새평원,부산의 가을을 담은 승학산 억새평원,억새평원이 주는 넉넉함과 소박한 아름다움,부산광역시 사하구 당리동 산 45-1,-,"도시철도 1호선 당리역 1번 출구 → 마을버스 사하구2, 2-1 동원베네스트2차아파트 하차 등산로 도보 이동버스 123, 126, 138, 16, 2, 3, 520, 58-2, 1001 사하구청 하차 도보 23분",-,연중무휴,상시,무료,-,https://www.visitbusan.net/uploadImgs/files/cntnts/20191231181104098_ttiel,https://www.visitbusan.net/uploadImgs/files/cntnts/20191231181104098_thumbL,가을이 되면 하얀 억새군락이 멋진 장관을 연출하는 승학산은 가을 트레킹의 필수 코스 중 하나다. 능선을 따라 드넓게 펼쳐진 승학산의 초원에는 햇빛을 받아 황금빛으로 하늘거리는 억새풀?,POINT (128.97968 35.116604)
450,대룡마을,기장군,35.371174,129.26433,대룡마을,이야기와 예술이 있는 대룡마을,부산 예술가들이 모여 사는 곳,부산광역시 기장군 장안읍 대룡1길 17,-,버스 187 대룡마을 하차주차 대룡마을 공영주차장(무료),-,연중무휴,상시,무료,휠체어접근 가능,https://www.visitbusan.net/uploadImgs/files/cntnts/20191231184354051_ttiel,https://www.visitbusan.net/uploadImgs/files/cntnts/20191231184354051_thumbL,바쁜 일상을 떠나 조용히 산책을 하고 싶은 날. 한적한 교외에 있는 대룡마을은 북적이는 도심에서 한 발 떨어져 여유와 낭만을 즐기기 딱 좋은 곳이다. 많은 문화 예술인들이 모여 예술을 꽃?,POINT (129.26433 35.371174)
456,대신공원,서구,35.12181,129.01564,대신공원,힐링이 필요한 날 대신공원,-,부산광역시 서구 대신공원로 37-18,-,"버스 167, 190 동아대학교병원 하차 도보 5분마을버스 서구5 동아대학교 구덕캠퍼스 하차 도보 4분주차 대신공원 공영주차장(유료)",-,연중무휴,상시,무료,휠체어접근 가능,https://www.visitbusan.net/uploadImgs/files/cntnts/20191231192024538_ttiel,https://www.visitbusan.net/uploadImgs/files/cntnts/20191231192024538_thumbL,수령 높은 노목들이 오색찬란하게 빛을 발하는 도심 속 휴식 공간 대신공원은 대한민국 아름다운 숲 대회에서 누리상을 수상한 숲이기도 하다. 그만큼 울창한 숲과 맑은 계곡을 지닌 자연 그?,POINT (129.01564 35.12181)
457,화명수목원,북구,35.25257,129.04205,화명수목원,소풍 명당 화명수목원,-,부산광역시 북구 산성로 299,https://www.busan.go.kr/green/index,도시철도 2호선 화명역 6번 출구 → 마을버스 금정구1 환승 → 화명수목원 하차주차 화명수목원 주차장,-,"월요일, 1월 1일, 추석?설 당일",화~일09:00~18:00(3~10월)09:00~17:00(11~2월),무료,"휠체어접근 가능, 장애인 주차구역, 장애인 화장실, 휠체어대여 가능",https://www.visitbusan.net/uploadImgs/files/cntnts/20191231192531286_ttiel,https://www.visitbusan.net/uploadImgs/files/cntnts/20191231192531286_thumbL,부산의 명산 금정산 자락에 사뿐히 내려앉은 화명수목원. 계곡을 채워 흐르는 시원한 물줄기와 산내음 가득한 바람이 기분 좋은 하루를 만들어 주는 곳. 수목원 곳곳이 산책로이자 쉼터인 덕?,POINT (129.04205 35.25257)
458,선암사,부산진구,35.176968,129.02771,선암사,천년의 향기 선암사,-,부산광역시 부산진구 백양산로 138,http://www.sunamsa.or.kr,"도시철도 1호선 서면역 9번 출구 → 롯데호텔백화점 맞은편 정류장 버스 17, 23 환승 → 선암사 입구 하차 도보 14분주차 선암사 주차장",-,연중무휴,상시,무료,-,https://www.visitbusan.net/uploadImgs/files/cntnts/20191231193124555_ttiel,https://www.visitbusan.net/uploadImgs/files/cntnts/20191231193124555_thumbL,몸도 마음도 맑아지게 만드는 천년고찰 선암사가 백양산 숲 한가운데 고즈넉이 앉았다. 신라시대 원효대사가 창건하였다고 하니 그 오랜 세월을 가늠하는 것은 어렵지 않다.조용하고 한적한 ?,POINT (129.02771 35.176968)
459,운수사,사상구,35.18432,129.01346,운수사,운수사에 서면 낙동강이 내 품으로,-,부산광역시 사상구 모라로219번길 173,http://www.woonsoosa.co.kr,도시철도 2호선 모라역 3번 출구 → 버스 148 환승 → 운수사 입구 하차 도보 17분주차 운수사 주차장,-,연중무휴,상시,무료,장애인 화장실,https://www.visitbusan.net/uploadImgs/files/cntnts/20191231193736138_ttiel,https://www.visitbusan.net/uploadImgs/files/cntnts/20191231193736138_thumbL,"이름에서 알 수 있듯 구름과 물이 좋기로 소문난 운수사, 그래서 수행하기 좋은 도량으로 천년이나 이어져 왔나보다.하늘을 덮은 고목에서 뿜어 나오는 싱그러움이 산책로를 가득 채운다. 국?",POINT (129.01346 35.18432)
463,스포원파크,금정구,35.291504,129.10487,스포원파크,가족과 함께 룰루랄라 스포원파크,즐겁고 안전한 가족놀이터를 찾는다면?,부산광역시 금정구 체육공원로399번길 324,http://www.spo1.or.kr/,"도시철도 1호선 노포역 하차 1번 출구 → 버스 환승 29, 37, 49, 51, 80, 90, 131, 148, 301, 금정구2-2 금정공영차고지 하차 도보 12분",-,"공원 연중무휴스포츠센터 매주 2, 4주 월요일",홈페이지 참조,홈페이지 참조,"엘리베이터, 장애인 주차구역, 휠체어접근 가능, 휠체어대여 가능",https://www.visitbusan.net/uploadImgs/files/cntnts/20191231201409836_ttiel,https://www.visitbusan.net/uploadImgs/files/cntnts/20191231201409836_thumbL,"지난 2002년 부산 아시안게임 경기장으로 만들어졌던 스포원파크. 아시안게임 당시 농구 예선 경기와 테니스, 사이클 경기가 열렸던 이곳은 아시안게임이 끝난 후 부산 시민과 함께하는 ‘개방",POINT (129.10487 35.291504)
483,우암동 소막마을,남구,35.1256,129.07018,우암동 소막마을,소막마을을 아시나요?,근대역사 문화유산,부산광역시 남구 우암번영로 19,-,"버스 134, 23, 26, 68, 138-1, 168 남부중앙새마을금고 하차 도보 3분",-,-,상시,무료,일부구간 휠체어접근 가능,https://www.visitbusan.net/uploadImgs/files/cntnts/20200101164518953_ttiel,https://www.visitbusan.net/uploadImgs/files/cntnts/20200101164518953_thumbL,"분명히 시간은 세월의 흐름을 재촉하고 있었을 텐데 이곳의 시간은 더디게만 흘렀나보다. 다닥다닥 붙은 낡고 좁은 집, 그 사이를 가로지르는 한 뼘 만 한 골목. 색다른 풍경이 레트로 감성을 ?",POINT (129.07018 35.1256)
501,"충렬사(한,영,중간,중번,일)",동래구,35.20119,129.09607,충렬사,"언제나 그 자리에, 충렬사",-,부산광역시 동래구 충렬대로 345,http://www.busan.go.kr/cys/index,"도시철도 4호선 충렬사역 1번 출구 도보 1분버스 105, 129-1, 148, 29, 42, 99, 1010 낙민역 하차주차 충렬사 주차장",-,연중무휴,09:00~20:00본전/기념관 09:00~18:00,무료,"장애인 주차구역, 장애인 화장실, 휠체어접근 가능",https://www.visitbusan.net/uploadImgs/files/cntnts/20200102125306322_ttiel,https://www.visitbusan.net/uploadImgs/files/cntnts/20200102125306322_thumbL,"반듯하고 정갈한 분위기의 부산 충렬사, 뒤로는 망월산의 짙은 녹음이 충렬사를 감싸고 앞으로는 부산의 도심이 마주하고 있다. 본전까지 쭉 뻗어나간 대로를 따라 잘 정돈된 정원수와 예쁜 ?",POINT (129.09607 35.20119)
508,부산커피박물관,부산진구,35.15433,129.06453,부산커피박물관,커피의 모든 것 부산커피박물관,-,부산광역시 부산진구 동천로 70 2층 207호,-,"도시철도 2호선 전포역 7번 출구 도보 1분버스 138-1, 24 경남공고 하차 도보 3분",-,"주말, 국경일",월~금 10:00~17:00,무료,-,https://www.visitbusan.net/uploadImgs/files/cntnts/20200102141456051_ttiel,https://www.visitbusan.net/uploadImgs/files/cntnts/20200102141456051_thumbL,"2018년, 전포카페거리 근처에 부산 최초 커피전문박물관이 문을 열었다.심플한 외관을 뒤로 하고 계단을 오르면 2층 끝에 부산커피박물관이 있다. 관장님이 커피의 역사와 문화를 널리 알리고?",POINT (129.06453 35.15433)
511,사상생활사박물관,사상구,35.172,128.97871,사상생활사박물관,"주민들의 소통 공간, 사상생활사박물관",-,부산광역시 사상구 낙동대로1258번길 36,http://www.sasang.go.kr/lmuseum/index.sasang,"도시철도 2호선 덕포역 1번 출구 도보 8분버스 123, 126 삼락생태공원 하차 도보 6분주차 사상생활사박물관 주차장",-,월요일,화~일 09:00~18:00(입장은 17:30분까지),무료,"점자안내판(입구), 엘리베이터",https://www.visitbusan.net/uploadImgs/files/cntnts/20200102142920888_ttiel,https://www.visitbusan.net/uploadImgs/files/cntnts/20200102142920888_thumbL,사상생활사박물관은 근대 부산경제의 중심지였던 사상지역과 그 생활사를 소개하고 주민 간 소통을 이어가기 위해 건립되었다.상설전시관은 낙동강과 함께 세월을 지나온 사상의 옛 모습과 ?,POINT (128.97871 35.172)
527,사직야구장,동래구,35.194107,129.06151,사직야구장,열정과 에너지가 가득한 ‘작은부산’ 사직야구장,"볼거리, 먹거리, 즐길거리가 가득한 낭만의 장소",부산광역시 동래구 사직로 45,http://www.giantsclub.com/html/,"도시철도 3호선 종합운동장역 9번 출구 도보 11분버스 54, 57, 83-1, 131 사직실내수영장 하차 도보 4분",-,홈페이지 참조,홈페이지 참조,좌석 별 상이(홈페이지 참조),"장애인 좌석, 장애인 화장실",https://www.visitbusan.net/uploadImgs/files/cntnts/20200110144727057_ttiel,https://www.visitbusan.net/uploadImgs/files/cntnts/20200110144727057_thumbL,"부산하면 야구, 야구하면 부산을 떠올릴 정도로 부산의 야구사랑은 유별나다. 세계 어느 스포츠팬보다도 유별난 부산 사람들의 야구 사랑으로 최고의 인기구단으로 통하는 롯데 자이언츠의 ?",POINT (129.06151 35.194107)
543,황령산전망쉼터,연제구,35.158302,129.08281,황령산 전망쉼터,황령산 전망쉼터,부산 전역이 파노라마로 펼쳐지는 부산 대표 야경 명소,-,-,-,-,-,a.m. 11:00 - a.m. 02:00 연중무휴 (명절당일 제외),-,-,https://www.visitbusan.net/uploadImgs/files/cntnts/20200206155647762_ttiel,https://www.visitbusan.net/uploadImgs/files/cntnts/20200206155647762_thumbL,부산 전역을 내려다 볼 수 있는 경관 감상의 최적지 황령산 전망쉼터에서커피 한 잔의 여유를 즐기며 부산의 절경을 감상해보세요.,POINT (129.08281 35.158302)
550,부산타워,중구,35.101364,129.0325,부산타워,부산타워,문화와 관광을 한 번에 즐길 수 있는 부산 대표 랜드마크,-,-,-,-,-,10:00 - 22:00 연중무휴,-,-,https://www.visitbusan.net/uploadImgs/files/cntnts/20200206095452989_ttiel,https://www.visitbusan.net/uploadImgs/files/cntnts/20200206095452989_thumbL,부산항이 넓게 내다보이며 360도 아름다운 전망을 볼 수 있는 곳.문화와 관광을 한번에 즐길 수 있는 부산관광의 대표 랜드마크.,POINT (129.0325 35.101364)
757,"신평소공원(한, 영)",기장군,35.29337,129.26012,신평소공원,오늘의 산책_신평소공원,타이타닉 샷이 가능해요~,부산광역시 기장군 일광면 신평리 11-1,http://www.gijang.go.kr/tour/index.gijang,"도시철도 2호선 센텀시티역 하차 - 버스 181번 환승 - 기장시장 하차 -마을버스 기장군3, 기장군8-1 - 신평 하차 도보 4분주차 신평소공원 주차장(5대 주차 가능)",-,연중무휴,상시,무료,"휠체어 접근 가능, 장애인 화장실, 점자블록(화장실 입구)",https://www.visitbusan.net/uploadImgs/files/cntnts/20200514115750295_ttiel,https://www.visitbusan.net/uploadImgs/files/cntnts/20200514115750295_thumbL,어느 덧 옷차림이 짧아지는 계절을 맞이하고 있지만 생활 속 거리두기로 여전히 답답한 마음을 해소할 길이 없으실 거예요. 이럴 땐 사람들이 많이 모이는 곳을 피해 짧은 산책을 해 보는 것도,POINT (129.26012 35.29337)
804,기장 도예 관광 힐링촌 테마숲(한),기장군,35.360134,129.23999,기장 도예 관광 힐링촌 테마숲,"상상하던 동화 속 그 마을, 기장 도예 관광 힐링촌 테마숲",아이와 함께 안데르센의 동화 속으로 풍덩~,부산광역시 기장군 장안읍 기룡리 산126,-,"도시철도 2호선 장산역 5번 출구 → 버스 182 환승 → 기장전화국 하차 → 마을버스 기장군9 환승 → 하장안 하차, 도보 30분주차 안데르센 극장 주차장",-,-,상시(안데르센 극장이용 별도),무료(안데르센 극장 공연관람 별도),-,https://www.visitbusan.net/uploadImgs/files/cntnts/20200706141824447_ttiel,https://www.visitbusan.net/uploadImgs/files/cntnts/20200706141824447_thumbL,"어린 시절 우리에게 꿈과 환상을 심어 주었던 동화 속 세상. 훌쩍 어른이 되어 한아이의 엄마, 아빠가 된 여러분께 어릴 적 동심의 세계로 돌아갈 수 있는 멋진 곳을 소개 해보려고 해요~아이와",POINT (129.23999 35.360134)
809,강서구 히든플레이스(한),강서구,35.080696,128.87846,강서구 히든 플레이스,강서구 히든 플레이스,나만 알고 싶은 예쁜 신호동,부산광역시 강서구 신호산단1로 140번길 일대,-,"도시철도 1호선 하단역 3번 출구 → 버스 3, 강서구17 환승 → 신호초등학교 사거리 하차",-,-,-,-,-,https://www.visitbusan.net/uploadImgs/files/cntnts/20200703104501764_ttiel,https://www.visitbusan.net/uploadImgs/files/cntnts/20200703104501764_thumbL,부산의 서쪽 끝 분위기 한적한 신호동에 볼수록 예쁜 마을이 하나 있답니다. 내륙을 돌고 돌아 흘러온 낙동강이 넓은 바다로 나가는 딱 그 지점에 위치하고 있어 강과 바다를 동시에 볼 수 있?,POINT (128.87846 35.080696)
813,부산신발이야기(한),동구,35.141808,129.0536,부산신발이야기,"누나의 길, 한국신발관",-,부산광역시 부산진구 백양대로 227(한국신발관)부산광역시 동구 범곡북로 22-12(누나의길),http://www.k-shoes.kr/(한국신발관),"도시철도 2호선 개금역 2번 출구 → 개금초등학교 정류장 → 버스 169, 167, 160, 138-1 환승 → 한국신발관 하차주차 한국신발관 주차장",-,일요일 휴무,한국신발관 월~토 10:00~17:00,무료,-,https://www.visitbusan.net/uploadImgs/files/cntnts/20200706134923010_ttiel,https://www.visitbusan.net/uploadImgs/files/cntnts/20200706134923010_thumbL,한국의 신발산업은 과거부터 국내를 넘어 해외에서도 우수한 품질을 인정받았다는 사실! 다들 알고 계시나요? 그 자랑스러운 신발역사의 중심에는 부산이 있습니다. 부산은 70~80년대에 신발산,POINT (129.0536 35.141808)
832,"가덕해양파크휴게소(한, 중간)",강서구,35.023594,128.80673,가덕해양파크휴게소,가덕해양파크휴게소,바다 그대로의 모습을 전합니다,부산광역시 강서구 거가대로 2571,https://www.gklink.com/index.php,-,-,"가덕해양파크 휴게소 연중무휴홍보전시관 매주 월요일, 명절연휴",가덕해양파크 휴게소 상시홍보전시관 화~일 09:00~17:00,-,"장애인전용주차장, 장애인화장실, 장애인물품보관소, 경사로 미끄럼방지시설, 점자블록",https://www.visitbusan.net/uploadImgs/files/cntnts/20200717114524295_ttiel,https://www.visitbusan.net/uploadImgs/files/cntnts/20200717114524295_thumbL,요즘 고속도로 휴게소의 풍경이 점점 달라지고 있다는 거 느끼셨나요? 그 중에서도 부산-거제 간 연결도로 휴게소인 가덕해양파크는 휴게소라는 말 보다 휴양지라는 말이 더 잘 어울리는 곳이,POINT (128.80673 35.023594)
833,"송도용궁구름다리(한,영, 중간, 중번)",서구,35.06194,129.02191,송도용궁구름다리,송도에서 구름 위를 느끼는 법,바다와 하늘 사이에 걷다,부산광역시 서구 암남동 620-53,https://www.bsseogu.go.kr/tour/index.bsseogu,"도시철도 1호선 자갈치역 하차- 1번출구- 자갈치역, 충무동교차로 정류장까지 도보 이동- 버스(7번) 환승- 암남공원 정류장 하차주차 암남공원 공영주차장 이용(유료)",-,"매월 첫째, 셋째 월요일과 구정 및 새해 전날 휴무",개방시간: 매일 09:00~18:00(3월~9월)/ 입장 17:30분까지 매일 09:00~17:00(10월~2월)/ 입장 16:30분까지,-,-,https://www.visitbusan.net/uploadImgs/files/cntnts/20200717114921294_ttiel,https://www.visitbusan.net/uploadImgs/files/cntnts/20200717114921294_thumbL,100년의 추억이 담긴 송도. 그 시간 속에는 많은 사람들이 그리워하던 송도구름다리가 있습니다. 18년 만에 우리의 곁으로 다시 돌아온 송도용궁구름다리! 송도 바다를 조금 더 가까이 만날 수 ?,POINT (129.02191 35.06194)
838,"정승빈작가-우암동 소막마을(한,영,중간,중번,일)",남구,35.126194,129.07597,우암동 소막마을,"부산의 옛 흔적을 찾아, 우암동 소막마을",글. 일러스트 여행드로잉작가 정승빈,부산광역시 남구 우암번영로 40-1,-,"버스 134, 23, 26, 68, 138-1, 168 남부중앙새마을금고 하차 도보 3분",-,연중무휴,매일,무료,-,https://www.visitbusan.net/uploadImgs/files/cntnts/20200722140028489_ttiel,https://www.visitbusan.net/uploadImgs/files/cntnts/20200722140028489_thumbL,"오래전, 늦은 밤 부산항에 입항했던 외국의 선원들은 산 높은 곳까지 별처럼 반짝이는 화려한 야경에 감탄을 했다고 한다. 그리고 다음 날 그 아름다운 불빛들이 피란민들에 의해 만들어진 움?",POINT (129.07597 35.126194)
848,"부산치유의 숲(한, 영)",기장군,35.26948,129.12955,부산치유의 숲,부산치유의 숲,마냥 걷기만 해도 좋은 숲,부산광역시 기장군 철마면 철마천로 101,-,"도시철도 1호선 범어사역 2번 출구, 마을버스 기장군2-3 환승, 부산치유의 숲 하차주차 부산치유의 숲 주차장",상시,설날?추석 당일 휴무,매일,무료,-,https://www.visitbusan.net/uploadImgs/files/cntnts/20200729150013892_ttiel,https://www.visitbusan.net/uploadImgs/files/cntnts/20200729150013892_thumbL,청정자연을 그대로 품은 부산치유의 숲에서 힐링하고 가세요!아홉산 자락에 넓게 자리한 부산치유의 숲은 부산 최초로 조성된 치유의 숲이랍니다. 체계적인 산림치유 프로그램을 운영하고 있,POINT (129.12955 35.26948)
876,"정승빈작가-아미동비석마을(한,영,중간,중번,일)",서구,35.09903,129.0126,아미동비석마을,묘지 위에 세워진 희망 ‘아미동 비석문화마을’,글. 일러스트 여행드로잉 작가 정승빈,부산광역시 서구 아미로49,-,도시철도 1호선 토성역 8번 출구 도보 15분마을버스 사하구1-1 서구2 산상교회(비석문화마을) 하차주차 아미골 공영주차장,상시,연중무휴,매일,무료,-,https://www.visitbusan.net/uploadImgs/files/cntnts/20200818133843206_ttiel,https://www.visitbusan.net/uploadImgs/files/cntnts/20200818133843206_thumbL,"부산은 산지가 많고 평지가 부족했다. 일제 강점기 원도심의 살기 좋은 평지와 매축지는 일본인 구역으로 개발되었고, 부두의 노동자와 일자리를 찾아온 외지인들은 경사진 산을 따라 판잣집?",POINT (129.0126 35.09903)
1014,"힐링하기 좋은 부산 어촌마을 (한,영,중간,중번,일)",강서구,35.012188,128.82697,"대항어촌마을, 정거마을",힐링하기 좋은 부산 어촌마을,글 · 사진 여행작가 문철진,대항어촌마을부산광역시 강서구 가덕해안로1207번길 9-2정거마을부산광역시 강서구 눌차동,-,"대항어촌마을도시철도 1호선 하단역 → 버스 520 환승 → 대항마을 정류장 하차, 도보 4분주차 부산 강서구 대항동 산13-26 (대항공영주차장)정거마을도시철도 1호선 하단역 → 버스 58 환승 → 선",상시,연중무휴,상시,-,-,https://www.visitbusan.net/uploadImgs/files/cntnts/20201030154341972_ttiel,https://www.visitbusan.net/uploadImgs/files/cntnts/20201030154341972_thumbL,"부산의 매력은 다양한 자연환경이다. 고층빌딩이 즐비한 대도시임에도 바다와 강, 산과 들을 가까이에서 만날 수 있는 천혜의 자연이 부산여행을 더욱 풍요롭게 만든다.색다른 부산여행을 즐?",POINT (128.82697 35.012188)
1016,"턴투워드부산(한,영,중간,중번,일)",남구,35.127785,129.09766,"유엔기념공원, 유엔평화기념관",턴 투워드 부산(Turn Toward Busan),영원히 기억하겠습니다,유엔기념공원 부산광역시 남구 유엔평화로 93유엔평화기념관 부산광역시 남구 홍곡로320번길 106,https://www.unmck.or.kr/intro/ (유엔기념공원) https://unpm.or.kr/un2022/ (유엔평화기념관),"유엔기념공원도시철도 2호선 대연역 3번 출구 도보 18분버스 134, 68, 138, 138-1, 1006 유엔공원?부산문화회관 하차부산시티투어버스 : 부산역(레드라인) → 유엔기념공원 하차유엔평화기념관버스 13",-,"유엔기념공원 연중무휴유엔평화기념관 매주 월요일, 1월 1일, 명절 당일","매일, 유엔기념공원: 9:00 ~ 18:00 / 동절기 17:00유엔평화기념관 10:00~18:00 (입장 17:30분까지)",무료,"유엔기념공원장애인 주차장, 장애인 화장실, 휠체어 대여, 휠체어 접근 가능유엔평화기념관점자블록, 장애인전용 엘리베이터, 장애인 주차장, 장애인 화장실, 휠체어 무료 대여, 휠체어 접근 ?",https://www.visitbusan.net/uploadImgs/files/cntnts/20201106141515814_ttiel,https://www.visitbusan.net/uploadImgs/files/cntnts/20201106141515814_thumbL,"매년 11월 11일 11시가 되면 부산에서1분간 사이렌이 울립니다. 6.25참전 유엔전사자의 희생과 헌신을 기억하는 순간, 『턴 투워드 부산(Turn Toward Busan) 유엔참전용사 국제추모식』 행사가 열리기",POINT (129.09766 35.127785)
1024,"기장 달음산 자연휴양림(한,영,중간,중번,일)",기장군,35.30242,129.18535,기장 달음산 자연휴양림,기장 달음산 자연휴양림,진짜 숲속 힐링은 여기,부산광역시 기장군 일광면 화용길 299-106,https://www.foresttrip.go.kr/indvz/main.do?hmpgId=0202,대중교통 없음주차 달음산자연휴양림 주차장,-,화요일 휴무,일일개장 09:00~18:00숙박시설 입실 당일 15:00~18:00 / 퇴실 익일 09:00~11:00운영요일: 수요일~월요일,숙박 시설 별도 이용요금 발생,-,https://www.visitbusan.net/uploadImgs/files/cntnts/20201201103753100_ttiel,https://www.visitbusan.net/uploadImgs/files/cntnts/20201201103753100_thumbL,"** 본 콘텐츠는 코로나19 방역지침을 준수하여 촬영하였습니다.위드 코로나 시대, 여행도 비대면?비접촉이 대세! 대자연의 품에서 일상의 소중함을 느끼며 몸과 마음을 다잡는 여행, 아무 생각",POINT (129.18535 35.30242)
1031,"부산도서관(한,영,중간,중번,일)",사상구,35.172737,128.98526,부산도서관,슬기로운 부산도서관 생활,우리 모두의 열린 서재,부산광역시 사상구 사상로310번길 33,https://library.busan.go.kr/busanlibrary/index.do,"도시철도 2호선 덕포역 2번 출구 도보 3분버스 15, 31, 62, 148-1,169, 338, 사상구1-1 덕포시장 하차주차 부산도서관 주차장",-,"월요일, 법정공휴일, 임시휴관일",화~금요일 09:00~22:00토~일요일 09:00~18:00,-,"장애인 화장실, 엘리베이터, 장애인 주차구역, 점자블록, 경사로, 휠체어접근 가능, 장애인 대상 도서 비치, 독서보조기기 대여 가능",https://www.visitbusan.net/uploadImgs/files/cntnts/20201216170753435_ttiel,https://www.visitbusan.net/uploadImgs/files/cntnts/20201216170753435_thumbL,** 본 콘텐츠는 코로나19 방역지침을 준수하여 촬영하였습니다.존재 자체만으로도 가보고 싶은 이유가 되는 부산도서관이 지난 11월 문을 열었습니다. 개관을 오랫동안 기다려온 시민들의 일상,POINT (128.98526 35.172737)
1142,"해운대수목원 (한,영,중간,중번,일)",해운대구,35.22992,129.1327,해운대 수목원,드넓은 초록 물결 해운대수목원,산책하기 좋은 도심 속 힐링숲,부산광역시 해운대구 석대동 77,https://www.busan.go.kr/green/gcintro0401,"도시철도 4호선 반여농산물시장역 2번 출구 도보 35분버스 36, 115-1, 129-1, 183, 189, 189-1 석대역 하차, 도보 30분주차 해운대수목원 주차장해운대수목원 ↔ 도시철도 4호선 반여농산물시장역 무료 ?",-,"월요일 (단, 월요일이 공휴일인 경우 그 다음 평일), 1월 1일, 설날, 추석",화요일 ~ 일요일 09:00 ~ 17:00(관람종료 1시간 전까지 입장 가능),무료,"안내센터, 장애인주차장, 장애인화장실, 휠체어접근가능, 점자블록, 보조견동반가능",https://www.visitbusan.net/uploadImgs/files/cntnts/20230202161355598_ttiel,https://www.visitbusan.net/uploadImgs/files/cntnts/20230202161355598_thumbL,"높아만 가는 파란 하늘, 흰 구름은 뭉게뭉게, 거기다 선선한 바람.날씨와 계절이 산책을 부르는 요즘이다. 바라만 봐도 좋은 날이지만 행복지수 높여주는 여유로운 산책으로 힐링 에너지 한가?",POINT (129.1327 35.22992)
1179,"영도 봉산마을(한, 영, 일)",영도구,35.09309,129.05125,영도 봉산마을,때 묻지 않은 순수 영도 봉산마을,텅 빈 공간에 숨결을 더해 문화예술로 꽃피우다,부산광역시 영도구 하나길 788 3층(봉산마을도시재생현장지원센터),-,"도시철도 1호선 남포역 6번 출구 → 영도대교 정류장 버스 환승 113, 30, 8, 190, 17, 186, 88 → 한성맨션 정류장 하차 도보 5분",-,연중무휴,상시,무료,-,https://www.visitbusan.net/uploadImgs/files/cntnts/20211116151308755_ttiel,https://www.visitbusan.net/uploadImgs/files/cntnts/20211116151308755_thumbL,"부산 영도 봉래산 아래 언덕, 심상치 않은 집들이 빼곡하게 모여 있는 봉산마을. 과거, 호황을 이루던 조선업 현장 근로자들이 모여 살던 이곳은 조선업의 불황과 뉴타운 해제 지역으로 선정되",POINT (129.05125 35.09309)
1185,"KT&G상상마당 부산(한,영,중간,중번,일)",부산진구,35.15428,129.05757,KT&G상상마당 부산,문화로 소통하는 복합문화공간 KT&G 상상마당 부산,글·사진 여행작가 문철진,부산광역시 부산진구 서면로 39,https://www.sangsangmadang.com/main/BS,"도시철도 1호선, 2호선 서면역 7번 출구 도보 5분버스 67 서면복개로 정류장 하차 도보 1분주차 인근 공영주차장(가급적 대중교통을 이용하시기 바랍니다)",-,연중무휴,"입점공간별, 프로그램별 상이","입점공간별, 프로그램별 상이",-,https://www.visitbusan.net/uploadImgs/files/cntnts/20211123183743098_ttiel,https://www.visitbusan.net/uploadImgs/files/cntnts/20211123183743098_thumbL,부산의 모든 길은 서면으로 통한다고 했던가요? 언제부터인가 부산을 대표하는 곳으로 해운대를 떠올리지만 부산 사람들에게는 여전히 서면이 부산의 중심지입니다. 그곳에 최근 문을 연 따?,POINT (129.05757 35.15428)
1305,"광안종합시장 (한,영,중간,중번,일)",수영구,35.164215,129.11816,광안종합시장,'감성’사러 갑니다! 광안종합시장,아날로그 감성이 가득한 힙스터들의 성지!,부산광역시 수영구 무학로49번길 71,-,"도시철도 2,3호선 수영역 13번 출구 도보 10분버스 42, 5-1, 40, 1001, 1003 수영역 하차주차 인근 유료주차장 이용",-,가게별 상이,가게별 상이,가게별 상이,-,https://www.visitbusan.net/uploadImgs/files/cntnts/20220711140504179_ttiel,https://www.visitbusan.net/uploadImgs/files/cntnts/20220711140504179_thumbL,어느덧 여름휴가를 떠나야 할 계절입니다. 여름휴가엔 부산의 멋진 바다가 제격이지만 여행 내내 바다만 바라보고 있을 순 없죠! 골목골목 아날로그 감성으로 가득한 보석 같은 여행지를 소개,POINT (129.11816 35.164215)
1310,"롯데월드 어드벤처 부산 (한,영,중간,중번,일)",기장군,35.19602,129.2132,롯데월드 어드벤처 부산,롯데월드 어드벤처 부산,글·사진 여행작가 신경민,부산광역시 기장군 기장읍 동부산관광로 42,https://adventurebusan.lotteworld.com/kor/main/index.do,"동해선 오시리아역 1번 출구 도보 10분버스 139, 183, 185, 1001 오시리아역 정류장 하차 도보 10분주차 롯데월드 어드벤처 부산 주차장(유료)",-,연중무휴,10:00~21:00,-,"휠체어접근 가능, 휠체어 대여, 장애인화장실, 유모차 대여 가능, 수유실, 물품보관함",https://www.visitbusan.net/uploadImgs/files/cntnts/20220901105446739_ttiel,https://www.visitbusan.net/uploadImgs/files/cntnts/20220901105446739_thumbL,부산 오시리아 관광단지에 롯데월드가 있어요.날씨가 좋아서 이번에 다녀왔는데 올라가는 계단에서 제일 먼저 로티가 반갑게 맞이해주니 너무 설?어요.롯데월드 어드벤처 부산은 서울에 있는,POINT (129.2132 35.19602)
1322,"현대 모터스튜디오 부산(한,영,중간,중번,일)",수영구,35.17674,129.11513,현대 모터스튜디오 부산,복합문화공간 현대 모터스튜디오 부산,글?사진 여행작가 문철진,-,https://motorstudio.hyundai.com/busan/ln/main.do?strgCd=04,"도시철도 3호선 망미역 1번 출구 → 수영아파트 정류장 버스 54 환승 → 고려제강 정류장 하차 도보 5분주차 F1963 주차장, 고려제강 본사 주차장",-,매월 첫째주 월요일 / 신정 휴관 / 설날·추석 당일 및 익일 휴관,10:00-20:00,"전시관 무료(식당, 카페, 굿즈샵: 이용 요금 별도)","장애인 주차구역, 휠체어 접근 가능, 엘리베이터",https://www.visitbusan.net/uploadImgs/files/cntnts/20220913120133333_ttiel,https://www.visitbusan.net/uploadImgs/files/cntnts/20220913120133333_thumbL,옛 고려철강 공장 건물을 문화시설로 꾸민 F1963에 현대자동차의 '현대 모터스튜디오 부산'이 들어섰습니다. 디자인 콘텐츠를 경험할 수 있는 현대 모터스튜디오로 지금 함께 떠나보시죠!<p class,POINT (129.11513 35.17674)
1422,"청량미 끝판왕 오션뷰 송도해상케이블카!(한,영,중간,중번,일)",서구,35.076286,129.02365,"송도해상케이블카, 송도해수욕장, 송도구름산책로, 송도용궁구름다리",청량미 끝판왕 오션뷰 송도해상케이블카!,-,부산광역시 서구 송도해변로 171,http://busanaircruise.co.kr/,"도시철도 1호선 자갈치역 2번 출구 → 충무동교차로 정류장 버스 환승 6, 26, 30, 96, 71, 96-1 → 암남동주민센터 정류장 하차 도보 10분부산시티투어 부산역(오렌지라인) → 송도해수욕장 하차주차",-,-,매일 09:00~21:00,"(대인기준) 에어크루즈 왕복 17,000원, 편도 13,000원 / 크리스탈크루즈 왕복 22,000원, 편도 17,000원 / 자유이용권 30,000원","엘리베이터, 장애인화장실, 장애인주차구역, 점자블록, 휠체어접근 가능, 점자안내판",https://www.visitbusan.net/uploadImgs/files/cntnts/20230508183214812_ttiel,https://www.visitbusan.net/uploadImgs/files/cntnts/20230508183214812_thumbL,"햇빛에 반짝이는 눈부신 바다와 기암괴석, 싱그러운 녹음을 한 번에 즐길 수 있는 방법은? 바로 송도해상케이블카!가족, 연인, 친구, 아이, 누구와도 함께 타면 즐거운 송카, 짜릿하게 하늘을 ?",POINT (129.02365 35.076286)
1434,"화명생태공원(한,영,중간,중번,일)",북구,35.22568,129.00327,"화명장미원, 화명생태공원",은은한 꽃향기로 가득한 화명장미원과 화명생태공원,글?사진 여행작가 정호윤,화명장미원  부산광역시 북구 화명동 2280화명생태공원  부산광역시 북구 화명동 1718-17,-,도시철도 2호선 화명역 1번 출구 → 도보 5분 → 화명장미원 도착 → 도보 8분 → 화명생태공원 도착주차 화명역 공영주차장 / 화명생태공원 주차장,-,연중무휴,상시,무료,"화명생태공원장애인 주차구역, 휠체어 접근 가능",https://www.visitbusan.net/uploadImgs/files/cntnts/20230519190619574_ttiel,https://www.visitbusan.net/uploadImgs/files/cntnts/20230519190619574_thumbL,"장미의 계절, 화명동이 온통 아름다운 장밋빛으로 입혀졌습니다. 은은한 꽃향기 가득한 화명장미원에는 약 50여 종이 넘는 장미가 예쁘게 만개하여 특별한 볼거리를 선사하고 있는데요. 더불?",POINT (129.00327 35.22568)
1440,"태종대자동차극장(한,영,중간,중번,일)",영도구,35.062366,129.08342,"영도, 태종대, 자동차극장, 흰여울문화마을, 깡깡이예술마을",자연 속 야외영화관 태종대 자동차극장,글?사진 여행작가 신경민,CGV DRIVE IN 영도 : 부산광역시 영도구 동삼동 1009태종대 : 부산광역시 영도구 전망로 24흰여울문화마을 : 부산광역시영도구 영선동4가 605-3절영해안산책로 : 부산광역시 영도구 해안산책길 52깡깡,-,"태종대도시철도 1호선 남포동역 6번출구 → 영도대교,남포역 정류장 버스 8, 66, 88(A), 186 환승  → 태종대?태종대온천 정류장 하차 도보 4분흰여울문화마을도시철도 1호선 남포동역 6번출구 → ?",-,연중무휴,"CGV DRIVE IN 영도 : 주중(월~목) 20시(1회 상영) / 주말(금~일), 공휴일 20시, 23시(2회 상영)태종대 : 3~10월 - 매일 04시~24시 / 11월~2월 ? 매일 05시~24시","CGV DRIVE IN 영도 : 차량당 평일 26,000원 / 주말 30,000원 (차 1대당 2인 관람 가능)",-,https://www.visitbusan.net/uploadImgs/files/cntnts/20230525134753245_ttiel,https://www.visitbusan.net/uploadImgs/files/cntnts/20230525134753245_thumbL,요즘엔 해가 떠 있는 시간이 점점 길어져 늦은 시간까지 드라이브를 즐기기에 더할 나위 없이 좋은 시기이다. 더군다나 영도에 자동차 야외극장이 새로 생겼기에 이것만으로도 충분히 드라이?,POINT (129.08342 35.062366)
1444,"부산근현대역사관(한,영,중간,중번,일)",중구,35.10258,129.03203,부산근현대역사관,멋진 복합문화공간으로 변신한 부산근현대역사관 별관,글?사진 여행작가 문철진,부산광역시 중구 대청로 104,https://www.busan.go.kr/mmch/index,부산근현대역사관 별관 도시철도 1호선 중앙역 5번 출구 → 도보 7분주차 용두산공원 공영주차장,-,"월요일, 1월 1일",화요일~일요일 09:00-18:00(입장마감 17:00),무료,"장애인화장실, 엘리베이터, 안내견 동반 가능, 휠체어, 유모차 대여 가능(안내데스크에 문의)",https://www.visitbusan.net/uploadImgs/files/cntnts/20230602095512309_ttiel,https://www.visitbusan.net/uploadImgs/files/cntnts/20230602095512309_thumbL,"국제시장과 보수동책방골목, 임시수도기념관 등이 있는 부산 중구 일대는 부산의 근현대사를 오롯이 품고 있는 살아 있는 역사 교과서입니다. 특히 일제강점기 때 동양척식주식회사로 활용됐",POINT (129.03203 35.10258)
1449,"우암동 도시숲(한,영,중간,중번,일)",남구,35.127033,129.07382,우암동도시숲,달빛마실 명소 우암동 도시숲,-,부산광역시 남구 우암동 12,-,"도시철도 2호선 지게골역 1번 출구 → 지게골역 정류장 마을버스 남구5 환승 → 대성주택11동 정류장 하차, 도보 8분",-,연중무휴,-,무료,-,https://www.visitbusan.net/uploadImgs/files/cntnts/20230531220739285_ttiel,https://www.visitbusan.net/uploadImgs/files/cntnts/20230531220739285_thumbL,"멋진 밤, 반짝이는 도시의 야경을 배경으로 남녀주인공이 높은 언덕에서 사랑스런 춤을 추는 영화 '라라랜드'. 영화 속 촬영장을 꼭 닮은 뜻밖의 장소가 부산에 있다면?영도 바다와 부산항대교",POINT (129.07382 35.127033)
1653,"서면미술관(한,영,중간,중번,일)",부산진구,35.153927,129.06252,서면미술관,서면미술관,-,"부산광역시 부산진구 동천로 58, 2층",https://www.instagram.com/smma.official/,도시철도 2호선 전포역 7번 출구 도보 4분,-,연중무휴,평일 및 일요일 11:00 ~ 19:00 (입장 마감 18:00)토요일 11:00 ~ 20:00 (입장 마감 19:00),"성인 10,000원 청소년 8,000원 어린이 6,000원 65세 이상 5,000원 지역 주민(부산진구) 5,000원36개월 미만 무료",-,https://www.visitbusan.net/uploadImgs/files/cntnts/20230623172451559_ttiel,https://www.visitbusan.net/uploadImgs/files/cntnts/20230623172451559_thumbL,"아름다운 공간미술 속으로 들어가 작품을 완성해보는 시간을 서면미술관에서 만들어보세요.친구와 혹은 연인과 함께 멋진 인생 사진을 남길 수 있는 서면미술관, 분기별 다른 테마로 새로운 ?",POINT (129.06252 35.153927)
1671,"부산현대미술관(한,영,중간,중번,일)",사하구,35.109245,128.94263,부산현대미술관,부산현대미술관,-,부산광역시 사하구 낙동남로 1191,https://www.busan.go.kr/moca,"도시철도 1호선 하단역 3번 출구 → 하단역정류장 버스 환승 3, 55, 58, 58-2, 168, 520, 1005, 2000, 58-1, 221 → 부산현대미술관정류장 하차 도보 1분버스 3, 55, 58, 58-2, 168, 520, 1005, 2000, 58-1, 221 부산현대미?",-,"월요일(월요일이 공휴일이면 화요일 휴관), 1월 1일",화~일 10:00~18:00(17:30 입장마감),무료(기획전ㆍ특별전 등 일부 전시 유료),-,https://www.visitbusan.net/uploadImgs/files/cntnts/20230707174450394_ttiel,https://www.visitbusan.net/uploadImgs/files/cntnts/20230707174450394_thumbL,을숙도문화회관 뒤편으로 향하면 마치 오래전부터 이곳에 있었던 것처럼 담쟁이넝쿨이 인상적인 건물이 나온다. 2018년 6월 개관한 부산현대미술관이다. ‘생태계의 보고’인 을숙도의 분위기,POINT (128.94263 35.109245)
1673,"대저생태공원(한,영,중간,중번,일)",강서구,35.20406,128.98305,대저생태공원,대저생태공원,-,부산광역시 강서구 대저1동 2314-11,https://www.busan.go.kr/nakdong/daejeopark01,"도시철도 3호선 강서구청역 3번 출구 → 강서구청역 정류장 버스환승 125 → 부산혜원학교 하차, 도보 8분주차 대저생태공원 주차장",-,연중무휴,매일 06:00-21:00,무료,"장애인 화장실, 장애인 주차구역, 휠체어 접근가능",https://www.visitbusan.net/uploadImgs/files/cntnts/20230713153840580_ttiel,https://www.visitbusan.net/uploadImgs/files/cntnts/20230713153840580_thumbL,"강서구청역 바로 옆엔 부산의 대표적인 자연생태 친수공간인 대저생태공원이 있다. 대도시에선 보기 힘든 드넓은 땅에 봄이면 유채꽃, 여름에는 해바라기와 코스모스가 끝도 없이 피어나 비?",POINT (128.98305 35.20406)
1674,"맥도생태공원(한,영,중간,중번,일)",강서구,35.13791,128.95354,맥도생태공원,맥도생태공원,-,부산광역시 강서구 대저2동 1200-32,-,도시철도 3호선 대저역 1번 출구 → 부산김해 경전철 승차(사상방면) → 서부산유통지구역 하차 1번 출구→ 서부산유통지구역 정류장 마을버스 강서구13 승차 → 맥도자연생태공원 정류장 하차,-,연중무휴,상시,무료,"장애인 주차구역, 장애인 화장실, 휠체어접근 가능",https://www.visitbusan.net/uploadImgs/files/cntnts/20230713150615959_ttiel,https://www.visitbusan.net/uploadImgs/files/cntnts/20230713150615959_thumbL,부산의 서쪽 낙동강변에는 저마다 특색을 가진 6개의 생태공원이 있다. 이 생태공원 중에서 잘 알려져 있지 않지만 자연 그대로의 모습으로 사랑받는 맥도생태공원을 소개한다. 맥도생태공원?,POINT (128.95354 35.13791)
1676,"금빛노을브릿지(한,영,중간,중번,일)",북구,35.20871,128.99739,금빛노을브릿지,금빛노을브릿지,-,부산광역시 북구 구포동,-,"도시철도 2, 3호선 덕천역 5번출구 도보 6분주차 대리천공영주차장",-,연중무휴,상시,무료,"장애인 주차구역, 장애인 화장실, 휠체어 접근 가능",https://www.visitbusan.net/uploadImgs/files/cntnts/20230720175854890_ttiel,https://www.visitbusan.net/uploadImgs/files/cntnts/20230720175854890_thumbL,구포시장 입구 쪽에 위치한 금빛노을브릿지는 구포와 화명생태공원을 이어주는 보행교로 이름에서 알 수 있듯이 낙동강 건너 김해 쪽으로 떨어지는 일몰을 감상하기 좋은 위치에 자리 잡고 ?,POINT (128.99739 35.20871)
1677,"감전야생화단지(한,영,중간,중번,일)",사상구,35.142826,128.96594,감전야생화단지,감전야생화단지,-,부산광역시 사상구 감전동 873,-,도시철도 2호선 감전역 2번 출구 → 북부산세무서/감전역 정류장 버스138-1 환승 → 감전동수문앞 정류장 하차 도보 10분주차 삼락생태공원 P11 주차장,-,연중무휴,상시,무료,-,https://www.visitbusan.net/uploadImgs/files/cntnts/20230723172025932_ttiel,https://www.visitbusan.net/uploadImgs/files/cntnts/20230723172025932_thumbL,삼락생태공원 근처에 있는 감전 야생화단지는 다대항 배후도로와 낙동대교가 만나는 둔치에 자리잡고 있습니다. 부산 최대의 야생화 및 수생식물 체험학습장이라서 여름에는 다양한 종류의 ?,POINT (128.96594 35.142826)
1696,"국제커피박물관(한,영,중간,중번,일)",동구,35.12724,129.04846,"국제커피박물관, 영도",국제커피박물관,-,"부산광역시 동구 중앙대로 380(좌천동, 구.부산진역)",-,도시철도 1호선 부산진역 8번 출구 도보 2분주차 부산진역 공영주차장,-,월요일,화요일~일요일 11:00-18:00(입장마감 17:30),무료,-,https://www.visitbusan.net/uploadImgs/files/cntnts/20230818114709553_ttiel,https://www.visitbusan.net/uploadImgs/files/cntnts/20230818114709553_thumbL,문화플랫폼 시민마당 1층에 위치한 ‘국제커피박물관’에는 각양각색의 커피 기구 2000여 점이 전시되어 있어 전 세계 커피의 역사를 한자리에서 만나볼 수 있답니다. 커피를 사랑한 어느 시민,POINT (129.04846 35.12724)
1710,"코코스퀘어(한,영,중간,중번,일)",기장군,35.190998,129.21263,코코스퀘어,코코스퀘어,-,부산광역시 기장군 기장읍 동부산관광로 8 2층,https://blog.naver.com/cocco_busan,"도시철도 동해선 오시리아역 1번 출구 → 오시리아역 정류장 버스환승 101, 185, 139 → 동부산관광단지 정류장 하차, 도보 2분  주차 롯데몰 메종동부산 주차장",-,연중무휴,평일 : 09:00~20:00 / 주말 : 09:00~20:30,각 시설마다 상이,-,https://www.visitbusan.net/uploadImgs/files/cntnts/20230918105645593_ttiel,https://www.visitbusan.net/uploadImgs/files/cntnts/20230918105645593_thumbL,"반려견 천만 시대, 'LIVE TOGETHER' 슬로건에 걸맞게 반려인과 반려견 그리고 반려인과 비반려인이 함께 사는 행복한 세상을 지향하는 공간을 소개합니다. 반려견과 반려인을 위한 프리미엄 복합?",POINT (129.21263 35.190998)
